booking_id,passenger_id,flight_id,booking_date,status,passport_number,seat_number,emergency_contact_name,emergency_contact_phone
B1000,P1591,AI192,2025-06-14 11:37:36.951,CANCELLED,59e7e7738c8711b2f49be2c355b25b9bd41b780392aa2151796e8b52aaa0a056,3D,054df1da09d17d8efecad438d28299ebea71a038b868e3f2494e84862a59c178,985d67522f17545947088177ffd59ea8702709ec835493de2194f1c2479784a6
B1001,P1803,6F026,2025-11-02 11:37:36.951,CANCELLED,6a95f336b866dc4d580b61301c1a96016a5ec24e056b4062fcb7eb48c0e14578,18A,5818cf8b0a91b321a3206f925880bacd5317f0f2909b41beac8d44aa54e32b26,aa7ee7d23b01ff6ea11e0289aed82cb147b33cc5df6de16058bb3915f6c0ccbe
B1002,P1083,SJ010,2025-08-25 11:37:36.951,CANCELLED,8d413701d70b517478f82789245fa033726307ec10b14c2c18fc6f6deb940931,30C,4347793d24a511fe3f932b5bc6dae4da478b54119cdaadb92904d67532cbb136,4e33ce849c3d764787254beb415674786ae346b69cb4246f43a779030c169fac
B1003,P1364,AI069,2025-12-30 11:37:36.951,CONFIRMED,19c4a665e8bc1266b54aee9a9925f0d4179044fbc7be190242d1b89272a91bff,33A,e14a9b1b389ea10474c6b94fe609d97245d08ba9ba251c5e584a378cdfab3c74,27696444174d7d93dfa426e3a915a87b7a7a362203dc309ba306de359e594d8a
B1004,P1885,UK003,2025-10-02 11:37:36.951,PENDING,d9157c803314e083e13c0307a6e506c2beaa8c6e96140c318f3a5626acdbf658,25C,4d3dfbe234618a5c1df5af10d1e77c5da9938413a837f36da528268bca094fb3,95c1ff00e23a76783142e73d30f571eecfb7633fe21a853d70038afc4d5e6902
B1005,P1548,AI048,2025-08-31 11:37:36.951,CONFIRMED,caabc2281b0da4c39b0a3b311e88f27b268a54a206f841d415910424688d7c97,13D,f43297aad87418b916cac6ae744f9ce33edc2a8784f4256defcf93ccae1b922a,42b9936ba589960d37e339aa4cfc4aafaacf701f688c3a6b1a8f127b0737aaa9
B1006,P1341,AI140,2025-06-29 11:37:36.951,CANCELLED,819d0525b412722fb313faf87f81a43b74df29a993116bd79095a97e202b44a5,17F,664c37113f58de9db9b856aec506a6516f72bfbba05a873058908bda5665fb66,c0c31d265f7a6cb09931061c034863a0be635062a670c3bf793a7792964b8d8b
B1007,P1838,UK167,2026-03-12 11:37:36.951,CONFIRMED,481f342177d3cec469338517a9902c34973ae3e01e73170d054a2a22e8fed7a7,22E,d33c784e667ab35906dce0eb4123213f045922433162d2e360e09ed92f84beaf,8cbfb5c7045afc381c07f5af0f74cb0c8d52174a2adc5183fe43e2b07b577256
B1008,P1406,AI245,2025-09-07 11:37:36.951,PENDING,8c98a8c9d9ef366ea590a63c5fda7f9b38e3d7fd7cc2e1a664b318ac10d81116,34F,452cb82b6826e74009c291b96e51c90ad5640ebb7044998376072ba76b05cb51,9fde40b1b124a899bd38d1710dd7109b0a2abaad5fce54f01123e3a0968f37a3
B1009,P1424,SJ158,2025-04-28 11:37:36.951,CANCELLED,16d60fe92f5a58498240b07d1f06756c4004ccb8ac1a35e2805525d1a10f4bd5,33C,e960db8dc0c6a259272d0cdb76aa03b055221c65fb27c977d3043d79d411f659,a7caeb0999e21599e6ff0f8f2ef3f017230359b1c8fd1e31aad6d9882d7a5b07
B1010,P1743,AI155,2025-11-24 11:37:36.951,CONFIRMED,9b8bc958eb99de8fb7b16058960d026a06b3e7d596f3a18533a6dc3e4ff6331d,15B,ccc2a1bd52405879a3bc76dae65780f375fb540df5e9d2e9d7d3abe53e79a208,975709b8233d356e3a616f0c5d55f85188b2db658a877ce032e6e5fa00a0eb53
B1011,P1092,AI179,2025-10-25 11:37:36.951,CONFIRMED,2c38e171d27dcd125c6913f4d1c146a8da98219f63f72633e64e7bc3f19ef100,22C,23d5bf269d51de51a625e1c75a0f0dfb9bc0fbeceec4e53b270afbfd1e7421ac,42d6463d2f4234c2de62a9167367d56170d6bcc9225217e8d6808e078e03ba5c
B1012,P1847,AI137,2025-08-15 11:37:36.951,PENDING,e6d22eaeb25269dd78b2086a7fbc88ea5604221f886dccec006c8c8cd13d8487,28B,051e3a923d591a81668cbaa11bf74c588fa10db8ac0e7650643ae6ccc8b96068,ca67232a3e0ec19c66dbc808a7347ca88de434905b4476563f5ed33157c26f7e
B1013,P1613,SJ001,2025-07-20 11:37:36.951,CONFIRMED,fab85083e9f77799da2810373757ab2bcaba789e60580d046078a73a50453c99,26E,22b7d90a7bc88cdaaeaad77622a63bce453f3fd984d9aa5b289582e8ed98cc63,b6c4064e4684e816cfaff0008f36c5e108198349c901410530bdd4931c08224d
B1014,P1411,SJ172,2025-09-15 11:37:36.951,PENDING,ce79ecb116713ff5346d04d528e0b69c111ddb29f89f71c7489847f9def6277f,21E,11e6b01359f0e70ca1be0d92fc32373dce7b394b72353834df64787482c565dc,251e65d2efa32d22d3867748f5f28c97e6be88ab027b3232a4d6f942c6290b94
B1015,P1431,UK094,2025-10-21 11:37:36.951,,e80647128945b84453cc832b9d012cca149f24816051350fa337a4774bb9f73b,6F,ab141bc16e15c5ecfff3708dc203c6b7350015c9dceab7b400f84a9ea78b2a39,d43ebccd9367d0baa391586bc5572112498423dba2447be7a56eaa4c8a2da7d8
B1016,P1677,UK027,2026-01-13 11:37:36.951,CANCELLED,45ac44b766f544618147856de9f9ccef98e3e4a1cba38f6935f57ff86e03e8ea,6A,6d8a3af628fd343624b31d47ce36a410f5b7520060cff71574111c83222199ef,74c11c6d3d1b85a49660b7dc27772c3b29279b344bb3b1cabd1c27c6c13c9ed1
B1017,P1158,UK067,2026-04-04 11:37:36.951,CONFIRMED,f27605d14d86e057ee7d1bb667412de210b87865cc6b2b19d6cf9c9030fc6f52,13B,21a348b6f0dac759df084cb7f702e0bb3dd4292b624f314a08481fc642c5e539,456646c8e244df780216fd166c2bc303ee014cbd11707016f1e1c980532cb5b3
B1018,P1013,6F196,2026-03-25 11:37:36.951,CANCELLED,f08afc002842ef6c16197f0905029ce91549bdec0d015e96e30190fc31969a97,19B,5ba569ca7cc697d9bee6095ef672693c44cac911be11ef39ae02630b4981f696,f793775bac707cf5926af1e591923d034c3a1d183ce057abc518514518db1385
B1019,P1372,6F164,2025-07-31 11:37:36.951,CANCELLED,451e03d407510f4369ae3ce78672045ebc6e9a3a6fdee26b568e98bb183b3930,19A,c219e881aa26cded1ba89a8fa113bf19c8886bd4a50ca709965ad7e8e1a6fccc,24c48654ba065d4b7d9c7d4605ce56cb1c8581b376f696512be356a28b2ff190
B1020,P1224,SJ112,2025-12-06 11:37:36.951,CONFIRMED,548bb24f886551bdb139f2dd77f8d6f472d18d3fd99a207204fc30e6ad2c5a90,27B,c7c724d156b3affc1adafc726bd291ae773746d154d18b4fb8dcaa7ed23b0931,d113ff53752d2c8a7f2c4103b26640611b36fa7efeb8f82c2da551e9e52db4b3
B1021,P1504,6F190,2025-12-07 11:37:36.951,CANCELLED,a81b91b550af858b5813b47037200dedd33d200c4448b11e296e408de35de8df,4E,3f1772b78c58f7713d9e846e2924c1cce1e1d649257e093b374d43ba886e6e7d,c25923f01304698336c1029c40f058ca2510a7fb695e74b030792de2586f69ca
B1022,P1072,AI080,2026-03-25 11:37:36.951,CONFIRMED,d10b00994471367e9ef55092ad4fdad4c157e38636d7981e73d0271f0f4b9562,16F,fdc41fbe9f7f54641fed7b11e67b3548c6668006f546be6fe8504a5c88c16c7f,fc601302cfc17a762f2ee5cbf371bfacb32b9b456a49c2e4d3ddadc80ca98c9a
B1023,P1248,6F213,2026-02-03 11:37:36.951,PENDING,baf43ee0438d2412221049ea57b7cc8ae12e72fb43e4330b1dac75ca683c41b0,24B,09f069e24c361673fdff51d39e10e3f9b80b2ad8039c60e6b8a1be48b79d1323,11c3bb168b86f1edb0fca18918acee779048f3fa934e36dfecd3047d8c30d676
B1024,P1510,AI115,2025-06-21 11:37:36.951,PENDING,93992d112475cbf9a55b714ec62eeec9e22502e58494767bc38df2389738e843,30F,c8fd16a90e3cb4e54181299efbce17eda228b1ed6954a608b92f47e0524283d7,8d1fccc44b5869469c05beea3c51aac6466db30ab3bc931b5ee4fbf988042c25
B1025,P1602,SJ049,2026-03-18 11:37:36.951,PENDING,1012f26ddc18bc3edf4a8ec464d0c27061f88c4b6af0e1a474b1b4b7e1a1798c,1B,c4b317643cf81ab54689ca726d6dfd45e936016b33825044dbca8ede0aa42c34,2b800b21a217f496cac479b6905cf29458506a4346fc8c308b35db45f2621ff6
B1026,P1215,AI058,2025-06-27 11:37:36.951,CONFIRMED,56b08f0dbe81e0fd17a2f4fcf51d07e3893bf17d4a3de4b43cf344fcd3932fae,32C,a5b772d8a2d9c00f491392ca91036e08a9f2b41e2d83861ac9a78fea58d324b0,c674f316826ba5c51701c289f5de2212f7374aeea83a00c6cad53c1dff7a8df4
B1027,P1972,UK036,2025-07-25 11:37:36.951,CONFIRMED,5739e14cea5a14e268d82ad903d9cafa002c471187ff90bfaf9eb056abc7e070,22A,c7fb59a8e88ffde31cd9a22161227de5c3950a43c1c7df30d46447b76cdff40f,f836f045b80695e8f6a1099f12a29a51cef9dd5745b9c4d7cc79c30e0ed136a3
B1028,P1601,SJ239,2025-05-25 11:37:36.951,CANCELLED,807a50e4d654f4cea485c6ebd7274f050195fed06f879b3f975a2ea1102d1213,26E,a0fedd7fd1f7afadf886aeb61539545366757c408d2c12d87e888d1158449a1d,07e1fcd29e12d47243225b455bed39b4b4916530257945a3f048d3472223d6de
B1029,P1540,6F025,2025-06-06 11:37:36.951,CANCELLED,47899709761c35e8690311381c256b2ace1142579dbfbabbd5611fe4847d60b4,19C,8d5801da64b4187e256d41399db4602fd49aa8d13c5ab50a90d279fd6aa6911d,0f16d8890efa14258e41c546ede550641482df77771f43868d21fcb7830a0b4b
B1030,P1946,6F236,2026-03-18 11:37:36.951,CANCELLED,d307a6378262c7c97a0e60c8f2f05e982b98a6d02bf77945a704c32d11bcac24,21E,23c260ab035e0f1fccd504068a2eaf6247a44a7c4ac4fd2588015f77ba8263f5,095190e9f66276904c4c85b63154ed11089491b93a46b77b23ea7d7e5cbaca15
B1031,P1816,AI060,2025-11-16 11:37:36.951,CANCELLED,62954bcb007746dbaec8db12bda3bb7a0172e448d87fb8570bf3aea1f29eb383,1E,6e52bb54531f992183a570ddc5d3af09a57d07c41593090ff5d8664c6fad6aae,540f6b6589e80304f12ed4f618a43d97740d8451fec75974a812a4fe19022f7c
B1032,P1938,UK021,2025-09-03 11:37:36.951,CANCELLED,718575c7b7ffd0a23741e5ffd212fb012588f8db1b7b54f2e002d3792df04927,18E,3ea87261fac26237dfa6a5ee8caf8e687db4a1da729079f67bd1ea352a3c0719,9280a037b0dfaf6e17705d4f109ae231293596b9b3a386f59b924e8399ae23f2
B1033,P1987,UK026,2025-05-06 11:37:36.951,,a52d3cb89e597a683b8e4923f892a18b9cc227fa05208424f920f164b5149ef6,19A,efa63ae7174ae6518e79501a89e06e2576ad7c2fed1a4d6ef9631b4c585ade5f,478270e5dec4bceef0fe2c141fd6c2622894c1d01bfa40f5d502bd671be5c05b
B1034,P1219,SJ179,2025-12-31 11:37:36.951,CONFIRMED,151e90282739e28aa3bcac20bd2620783b9466e601c1ebd3a504fdd82c37fab6,22F,f5921f5b3d2cfd86ca9a1c250007d7e3d2474c787c60d61ce599fb16008d407f,9f955d30cf40b0ebbb0480b6d25d4dcec7071ed7765f3fce5ffe0cdf53c1d8c7
B1035,P1839,6F251,2025-08-21 11:37:36.951,PENDING,b20f5000d5f6615e42319e1f83503e20184791399b293b54e72a70c98fe7cccb,11D,3077da5ec7892d1993067ed82549e0e70ebd673bf7750cd1882cf0c899f4e99b,79d4f28711a6594a2cfe76bfcb4bfc478a46b5a1cb220c7465187d7ca6ee4c20
B1036,P1726,SJ149,2025-11-24 11:37:36.951,PENDING,138ba87501deb785f7f1ca7bf1f15783178fc5b5d828e5f569b9aa7c8bf32d58,5B,d2479b9ad2dfea53afe6af29f3b3b520097beb412e21565055eecbc39f197e7e,51d1a45a449ce4bdfc785e452b252d4aa19f50d6e64255620614e84ca70061d6
B1037,P1220,AI188,2026-03-20 11:37:36.951,PENDING,f583dd86ac1ab40cb5a19a1a3361bb223d0bfe35d9aef8f50d06436cb0051cf2,33E,3a145d5d06bd061d76720b9014bc3177ea5af764bff07ddee8c053742ccf2c0d,cbae1e144792e34cbb7acc1d542b4dbece80eb7dbbb45a6a0c98a5f6b52cdea0
B1038,P1388,SJ093,2026-01-01 11:37:36.951,PENDING,2269d969b6195ed518ce51572ce2699f9ff19ba2195a691dc4ecb3eb6a2b62b7,12D,1380b9bed53bc437f0410c09fe7baa7f54e5be148ceaf88ff4c5619d8d2a32f2,2412040336a1d312d5e0df69aaa633330a01a975eedc6a35b412082d799d1db9
B1039,P1553,SJ205,2025-08-21 11:37:36.951,CONFIRMED,f29a77a8a97066be9719ce5f8afac04532cb302ae465eeaa9e72ad183d193d22,11E,f85daaec7d876bb43329b75bdaf3d6188038efef75f5d1afa6fc7280e04ec8cd,7de5042fb8aff82cc4f1ddb2be1cc48b5abbadac97e776516f3dda61f3184dd2
B1040,P1646,6F099,2025-08-08 11:37:36.951,CONFIRMED,bcd1bf6246a8cf6477aa216c1deb2f96288f371bb92207024ee28f4c3b5758e1,26B,5df946aa5ea92b58d17f7f40a032270510eec0c770ad404312e54d0d5847722d,c9c10b5c35efa1a0f776a0f5a970e0dc453ad1f9c307f4f39fa1e3e2aaea9fb3
B1041,P1041,UK176,2025-05-28 11:37:36.951,CONFIRMED,86e67dbe9d95297aa5cdd7d7430bac23c7c85f7b1094844241d74ea65dd7c047,25C,f8b7df0b74c04949ee239f3b7e2d3c741463249d2dbaea323b4c340e17b9392a,0d8f741d88d25f35b1b5d7da0c79f3e3a54e7fb79f812dd202d12ba01eb96d4e
B1042,P1675,UK200,2025-12-02 11:37:36.951,CANCELLED,8e2d9b98b2af010a6674cd2be08b1dee592135a6d9f3e13e3d44518d1e531a12,24F,665a26d46b992e6fdb351740aa567f33b27b7b2c1a9b4e6e122fb4def9b399a4,dcb2152354c4fea1716ba68a7d844d3c776ef09f7d9d26a95cafc1c44a8a3d57
B1043,P1872,6F195,2025-11-22 11:37:36.951,CANCELLED,af93a48a3274117cf67cda9e45fa3099ebf7c73e5d88b05f9e7bb825909489a8,8E,9312eb49809045fa0b0ab2aafea2094820994a8a887c1f9974f9478b60ec5e85,206f86394ed4e837690366a2c0973bda0e71d791f8f01671eeaa32a13d877e96
B1044,P1282,6F174,2026-04-12 11:37:36.951,PENDING,16e174d0fb53c3ef2600c14f80d1b1dbc2b2ea88a664ec0d44404c7f2489a05a,16C,213e24ea06e6f3b411e3ecd5806c8a4b6b86a1575bb98964d68d69951eecdd31,f5913733cd74a2ff326654dbc2f44cf82da1b8a12d02deea2c09fd047b57df09
B1045,P1057,SJ214,2026-03-19 11:37:36.951,,fb7a1818d6acdfde779a7d20c0b6a295a36f4307df85ca80e7523565d13b1245,18C,32c50814686011d3c6878be941815b09887b00895a1383deef110e591ab40d1c,da0ecaf2bfb003ac34c63cc10991509ff77e83bf1d4ce4ec19b65d6a4dd4d580
B1046,P1813,UK059,2025-10-14 11:37:36.951,CONFIRMED,ec8af10a02df2459541944cd23a5bc1c5aef5a9bc6b6bf4f0c9ebbcdbbecf36d,2C,262f75441003251273eb7c2ed844ac4e7706a050bfc50277a15bbefbeb91de5a,694139f2ea271fe31d329dec785c6f4e64ca5c7a653aa384290fb470f6e8e3e7
B1047,P1833,6F151,2025-12-29 11:37:36.951,PENDING,06fc223a46a46707a35e6a4569ecc688e8b1d80c03429bc85488c65cec015883,7C,a36ad971f09409f56685df3190bf7c9c6dc33a0f2fc42c1a16b7fdf788ad45c5,c468968f3b7b74f589d7c2b434fd79845df9f2b716521713d3adb26d6a67c4a2
B1048,P1536,SJ236,2025-09-19 11:37:36.951,PENDING,8ca1865bfad8bc2ffa1453cd4ace62ef09e95e70ee7716c66e2aa2d21bdbb85c,18C,22f1c07c978ce1dab174bdbe44bef178298ba5b9208f33f2a215a9c0552306aa,442c69c41ebc8e95b42d81bb0323a5b72aa3f94b911f5aa207a2860c302c79ba
B1049,P1072,SJ153,2025-07-28 11:37:36.951,INVALID,3da7675b6ee8e5571bc322267b654bd2caf1032cbce05858694bf247b3d08f2c,3C,23d5bf269d51de51a625e1c75a0f0dfb9bc0fbeceec4e53b270afbfd1e7421ac,2c9a241a5ac9ab31d01fd62cdac263759b803a73d4f16678c392643bca55c229
B1050,P1884,AI220,2026-01-15 11:37:36.951,PENDING,0d72266c43031d8075a9ca2122f0e9b2a82cdf0c31185daa56e2456ab262f4e9,7D,ad95fbca2916334e2c93096632d333b1dc3c14d2843a16a24584a3966b8a3f60,d64a437468b1fc9d16b8a22afe1f0cd3f7f474e6a234dff0802b3a1dcedf6a95
B1051,P1922,6F028,2025-07-05 11:37:36.951,CANCELLED,720bfb736136a3f49714ae69486aa3516a34fca8fa71c12b03b2a9c1a7c44c4c,16A,f81d61225659ca2f4faaf7f19387fecbced97faca9935b08096ca01d2cfd6c3c,28050752d0d9af0948d1a663abdadb85a47a7ea3d577320231d0dd6b17e6783d
B1052,P1128,UK209,2025-12-30 11:37:36.951,CANCELLED,733cfebca1a82851626f27e20efa6e86b139c080846fc19239d822e20136f779,33B,3bcdb2b8fa7d2cc967354d5c63edabd5bca983f5b622b0d307fa884a72415ee4,2975f16114d626eecb8aeea76fab8ea6c5e0f7f938abfb85d364663f85a084cf
B1053,P1598,UK216,2026-04-01 11:37:36.951,PENDING,399a80b00d6a0a5806b1cefc245c3b406657819c79017d6d7fad319c09211dab,28B,25c92dabe31e33012618b4d561c0cb7b961f5ce080928db090d9685204394a49,9a46bc40d2c7662c4df4d7c7fd7dc953de4a53685d00bfd9eda24d4d4206e428
B1054,P1841,AI132,2026-04-11 11:37:36.951,CANCELLED,92064bfc79f8368f0179b8de82d8781456f621569b8d34f5014231604f2a3dc1,19C,b2a8bcf505a757659280600fb175343d626c2d5924cd548e874db68a5d5bc7f1,f325b218a18009a9be222ff84089baafa4094ebd91112acf8ae88340b315d025
B1055,P1425,6F012,2025-10-14 11:37:36.951,CANCELLED,08dbe884a6f408988d6490a34f80a501df250aed0c238ee8e4d692b3b693d6ed,13F,6b1830fb78766670848647042475a7246cc2d9bb13d614e5d7f8719b92365d3c,07cfa4f6401295e4b7d809281c0b461e139346e3e16bf65b52b743f6ec64e7fb
B1056,P1947,UK173,2026-03-24 11:37:36.951,CANCELLED,f380fadf17567f8778a48f283ec28410a2d8ef3c35823b648832eb4df71bf780,15B,d52b90ff5ec04dbe58b0d9b8dc33ad5d5b4ac75aec1129a18c01e0901d64e6e4,c4e1c41175281ad55165634c02b392a6d1feb161e83208b0901a3dd9fa0d88a1
B1057,P1664,SJ047,2025-08-20 11:37:36.951,CANCELLED,a40b7e364b4f13f0557857ca6cc75203dc689c4fa8af12869370a73f5ee484a1,14F,6bd05b65145348d05569ea5217a778a206a900d7536ca867d51ef59369c34771,77f061e1a7b6f0bf18e7de29b606a89abec460579483f719333b7d26d76cc063
B1058,P1693,SJ043,2025-12-07 11:37:36.951,PENDING,f93fc5b8f41c836b896bf9d7b20c5ffc6bbf0f35a4f18571c04f350279b06663,8C,997a5cf746f32fa8ba1fb4e3d1d95c62e1e827c15540c8cdac9f78b1f5d4d155,cf1ca2eed5235ecb908075e56f1987ff7b5483fece1599e733e7173f9bcd93c1
B1059,P1124,UK140,2026-01-03 11:37:36.951,CONFIRMED,932065e04863f4c659e279065df5b3b5fc99642c2f6f90291f1326916fa126a7,23B,cb097823890f80d1a029f4c9e061fa71b2581066c9cb2a34559c815e37e9b203,4d55ace479fd0affcf7d069f127a895e63a7439c7802e47af893d299ef2298d3
B1060,P1066,6F086,2025-12-30 11:37:36.951,CONFIRMED,05f3d6b7a3517179f6b637c01087312a8eaae27562b862a9f26de0dd2bc6f683,11A,d8a6d555ddc5d348fabd03398b10f39734c877dbe325ae265a8de5dca0bbed98,04400cb9e50e5d62a9e5ab9e8d3807eb0f9c469de97175cf365aa9d70305d9e3
B1061,P1005,6F114,2026-04-05 11:37:36.951,CANCELLED,0296cf4c371c103a8f75c9777a19d515d8f20157481c61d628027c01bba7d41b,19C,d440fc23bd04f966aabed181cb3edbfb8b823f561d04971b203493231af79a23,c4df1d4576d47062c7f8f7aad29aa1dc88704fd8ecaec30d39af47cc6dbc812f
B1062,P1636,UK153,2025-06-12 11:37:36.951,CANCELLED,cdfa84a9b9646477d516d38ebc6afa6d79aa71c4737459149388ccd94f0feca8,15D,8f067a70503c8000efc4dc94dc8b95bc39b032674d64a780fcf89f98ab5e21e5,7808eadf73c96cb1f3c95997959c0b2ffdb8c94a6407603002b40ed20c871443
B1063,P1313,6F149,2025-05-19 11:37:36.951,CANCELLED,26fe229152e764c4f33a03c4ed954509e4866712a76e13c10746934acb1f2dcd,9A,26d11962b4e4ef8e9432d6e122cf70c170da684f001378e8c6ae6e0cef4f2011,0f95760413c2c155da9153caf2bac94ef57fc8b5150c5d77921de2d9cd339a8d
B1064,P1325,UK145,2025-09-14 11:37:36.951,CONFIRMED,da6bd392194e07308054e475433f6af7458f9e3a631aaeb15a6abcb45deeb01d,24E,f719700b9b5c4f43c85b5ca033e8935c434ebab521c0e51c4fbe0b8ca931a9f7,8baabf6b80bb8b48094034008ac1fa3f2761353f71b590f1a8ba26d0e9745947
B1065,P1564,UK010,2026-03-06 11:37:36.951,CANCELLED,4b8e984326743f031008e8ac68017ce6cd5d936c14192a39ff48ec4a04d632fb,7B,f7d55ad607e874ce71846ea16d8c24db2942b710a0f4df3e241c7114c96d3091,84f809ff970ab3ba2f802295599e4e4a38eb2a5245823dab0f00c39a64dd2729
B1066,P1577,SJ003,2025-11-05 11:37:36.951,PENDING,3cb2c86e89a96e355b86d03374a383c704f3c626d6ee69c7516433df53760d87,1B,f7948e0825251eb3aa383f037031f4b53983913db4374d3f343f4d5d10fc8fd9,db4419841b8099d1d064578bc3ceffd669e90348efcb6a4b7ce35fccb1e9f307
B1067,P1825,SJ160,2025-07-23 11:37:36.951,PENDING,c25bf736040d96af978f325b73e2f2a38cd64416781667c401b9f6c4c1730ec7,7F,e2af91c537777f8e95e8ae52bc4adab8f515b58a2ca05543e0100cc2077224b3,3ae8d3b40991e48f0b26ce6331cacbf846e0667707ffd98875eba35c71ae2f1e
B1068,P1505,UK224,2025-11-22 11:37:36.951,PENDING,4e6c0aada89e3523e1c4cd6c37eda829bbe01cb720cf505c725b4c686c471d84,23A,1ca66af6e77eb970106e79d26d7d5aae6694e74cb4d54feccc2d7548480c31b2,d4cd9824ff2b4ce47036679e01f6eb14c7e234a9fc88f73da208ca5905dd5773
B1069,P1081,UK152,2025-08-02 11:37:36.951,CONFIRMED,a62394e2c13ca2315ea394f03b587a3489bef477d9588ca0f4881b23ce4310c0,16E,a20e2ab8b375ea3bb7b108420d7b3cf77e7a888a7a7714676daa7344ffe04f22,43f1666e5582204a7707c284e0859ec48a77ea42fc6c92ed2fe2751f60a940e7
B1070,P1598,SJ034,2025-09-22 11:37:36.951,CANCELLED,460fb46958bd358e33d19bf2d0781731e88c4d4ff6bee3674d4da035a45b49a4,15D,2730302dca0dc11a2e689508cdfdf89093a2a533043bf1a18b9191a6de78a638,1240774df91b8783756d093b5b9afb4e327818ab4b069c8f3b7e2df9094ce2e1
B1071,P1001,UK215,2025-12-21 11:37:36.951,CANCELLED,3908c87404af101bb95eb2af92c157053dca2b0c71fc115cb1f977dcd0b49320,15F,66876543d0be403687fec6305d6e9eeada9dce81b107d07faaccea343192655b,def1961aa251cc34b1c0f9c6765ffc42f91a19c8e39a1da5a9aa9fabfced2688
B1072,P1203,UK089,2025-08-10 11:37:36.951,CANCELLED,829a5131166353efc36e4b1f9d3ca72ba4d24379164ba1fa6757e3bd9c2eb1c2,18F,7ce6ea947b00af16c530fe12a4fb2a91d87ef26f2a7b90507a82ebffde942037,d45375539a128ad0b80718acc87f7151821ef86a16c8c9c2015d03ca246826a8
B1073,P1661,6F180,2025-12-04 11:37:36.951,CONFIRMED,2f3fda6f401627a4f10cdc01f10605473c1bb1c281f501912116a2d72e2ac3bc,16A,afa656d6a016c3c8da6fcf759833bf62ba189970bf1580d26048cfec074cd231,4771918163bf058d06722aeaffc03efc44d47f48e5a986e0581c8e591cf1e571
B1074,P1804,6F188,2025-09-25 11:37:36.951,CONFIRMED,2b7e5c29878ccee9576d9888bbee5ee8f6fab614742d2f5c6c5bd8c80334f512,7A,e4fd30b858d21e323e9f552ad3e69ecec88d19b102ec27c194c8785df2a92e1f,210482a0ad766b4e637a726b43a55dd0ae89de8d8147443497fff247aec86934
B1075,P1403,UK131,2026-01-03 11:37:36.951,CONFIRMED,5a8625975fd85a292cbd06dbc38d7d26e047e4ae096b728163dd891967ba07b5,2F,125f34c949348cd8254df2b9d3bf42fd279d2ad731e3b10897db091b3eda9130,b951bcc29b975a54a1f561cd378e03dd3e497c8ef9a5012da88a3292ab8ef67b
B1076,P1102,UK055,2025-05-04 11:37:36.951,CONFIRMED,dab6677257e0df4d2575951ff59115be6d0dfa8437c7c2100529a7df0904e3e8,12B,6e242a955dd4c9b88ff1be19c682b36a98cd5d888aecdd3d57e73df73f577c00,e0c39e9e9ed7ddc4b559092588169e0be377f81d0b2c6b2043281c4a1ef6b141
B1077,P1535,UK181,2025-05-03 11:37:36.951,PENDING,d6789f8b10569f0b1c1a0792e158d54a3618262807fed1ccbfe675bedf73d16f,3A,7aefdec5ec4cb608747f0c6c058ce0355c3d839df72a90d96f9ab25b7fe4a989,8575dab3abef84a51b6157539b9952f1fe5a7cba5cda9889d33d2f276e85d7ec
B1078,P1367,6F077,2025-09-21 11:37:36.951,CONFIRMED,daeb52205df087feada170916b6244d00107ecd2266e588b7fb4eed40899c9f7,1B,bd5243314d2acb31cbca7b8fdb667ae5aa8f14a6d578905536b7cdab8b35b17a,cd6c3bfe231cf3862954be227d1c6bdc294aed15f92525c65c92ce46df70807d
B1079,P1211,SJ085,2025-06-03 11:37:36.951,CONFIRMED,04dd042c1e1ab3ff68ba723e43e89deed7eaac83a5a09a6c50950f1ddfbd6ae6,10D,6da423a92db423588143779d3f8accdc9c2c3992ccadef1f3e4b4b736c7ead7d,6644156c0cb7ed3f833d73966c3bb0406cd9ce8bcc223f16bd47ee446da89761
B1080,P1576,SJ023,2025-06-05 11:37:36.951,CONFIRMED,ed6b7590cce5d1cf929d7e7a9dc8bf82120f7e9abdcc42f478669c79ef27d4b4,22D,49d44f9997d60cdebd2fefa95188f74caebe6142c020e5117741b2ba95bbdfa9,e604bae03cb9cd456e862325be5fca7a6048bdb8479631e840d3a96a71b21574
B1081,P1960,SJ202,2025-11-13 11:37:36.951,CANCELLED,fc5693cfa4ecd4c4169ae4146eb4cd50c46d977fcabd6fae936f04cb2c65dd6e,29C,0477c0c0286f15b2a164ed68aa576b440e28183213a00a9bcfc2e9cfe839b6cf,fe69a23d50d7b6a625556687b0562dec8a5684f453df275ebe37c76e56a0a2f5
B1082,P1208,SJ150,2025-09-09 11:37:36.951,CANCELLED,8d8e07d18c560ccc64998306492c429138dcb592202f3528e8d15e3b0ae49d3e,30A,7dba05a3465801bcdbb792c69b4bd29f599b881a2b488f6a351f6d0646e83ad1,6e6fc8e5eb8a16abbf3a27b11dd83135eff9486c198bb249c5d72f0540fb5b24
B1083,P1762,SJ116,2025-05-12 11:37:36.951,CANCELLED,7692ebdaa67d0145af8800d55d19e4f5cc7b15fa640536b30e6fd05c6783fcd4,9A,a2100794cbc6d7b58fa9e5592bae7195c6af0d985fc37eb5f56c17b3d1713eb4,12cc04e3cd8949013fe74f8a46a1f78201353480048a7f865c7125fcbbbbad09
B1084,P1896,6F270,2025-06-14 11:37:36.951,PENDING,a73f4fb59b6adb795facf290c7ed40ee09e7b2e549c3801315fab3501284fe55,16E,f6bca98f74dc548b66bb415370bb087e0479e66be23e73b16cac75d2d332a786,ec57922fcaee81e11d2e41d548eb17278c9a4824b4bfe6d22873612d34c8064b
B1085,P1116,UK150,2026-03-24 11:37:36.951,PENDING,b5445c25a22ff18266161cffe871f660364a294ff5ad901e15961e3e920a0c8b,12A,f4c4045e652afaa340da20657f385a1483f7605c011753c3578e5ec702a8f676,49d5d43a96ca7561481552d0d7d0d55333c2d88ec94a9fcc3a9befd18ac2bacf
B1086,P1627,SJ237,2026-02-16 11:37:36.951,CONFIRMED,353ce93dac98d0e1fe3daea08524868a077864020801fe4fed7b873911e26bcd,5D,bfb3a4a0f6114526b8d0859572abf02711ce37972c05a58590cd49dd2fe727ed,f08a89191148a4b78240583d6bc4a7339b660e714d7f9741576013d66f5246f7
B1087,P1748,AI221,2025-05-08 11:37:36.951,CANCELLED,b5b24442fce4fc3e4c47c334e5aafda02cad58497dd565ba95194ee25a76de21,2F,315a5cab1b5c8ef0a505c9462c9bcd39c2245bf39a4137f30dad0922a0935679,1b14f1598451c9820fb01a0a612da43eb3cfa3fc7f6545f5cd7e97fbb1750998
B1088,P1477,SJ081,2026-03-25 11:37:36.951,PENDING,787ca2cc91810d7a593c9a3f8790425f9de3c537a5036212e39ed11d114f0712,31A,1aac2e2fe30e07dfb59d1eb6d8ac9591096e14f8097fbe558b8ac257eb0120cc,aa533dc086322f3b48bed339204610cc1cd0f74bc896bc7284a6877bd1b09d0e
B1089,P1104,UK189,2025-09-03 11:37:36.951,CANCELLED,9fe4832e466051710b143e91a6643907017d4554ae77e31fdd4147b57dcad8b0,25F,de668ff1574dc9700bbe90909dae32c75e2b671fb0e73abbc90e22a38fe6d90a,ce7a8e9009ce78babe1098c32c99acbecfe9ebc53fab915dca8f6426334a43e9
B1090,P1494,SJ068,2025-05-16 11:37:36.951,PENDING,7839eaee1278bad25669ee52fa112e4613f33625938f198a2c7e5da28f65288a,31C,6ce796748c7aae31c29c14abfe12e1a427add74e2cd93bc76bf383ce988e8f24,afcb3132ff751ba50a987d783efa8e78d3d8f146f85710729372e1f3468dc765
B1091,P1770,6F043,2025-08-18 11:37:36.951,PENDING,dc742f97ecc693fb1c1711a3f47c48f970b04e254c884f5fc16b4200f8a8ef15,25D,85ca8011e448ae07be6c8dae1179d373d334d7e2e985efa10f6ef1526ff76ca9,75b8d05dbdbba28f36bc4497a5057ae707a37d78dc1baa074f45019f66514ff7
B1092,P1045,UK187,2026-03-18 11:37:36.951,CONFIRMED,eeefb195c43465650e41222d8ec02280cbfa2d906e7b9e21af76d5308ac9485e,16D,c9064efd326ee181f4be27c0a5b26d03b794699b852a400338c794530ef67930,c02a2d15c1ca17765d36d24fac0a761e6ec110359de5f7d209da86011952e48f
B1093,P1822,UK074,2025-05-11 11:37:36.951,CONFIRMED,c6dfeae13ecd8e6996b85377bb6310f13e68dfd2cf3cb1d3e88fdcd90ba886b1,25E,39293727d144c9cf72bf438c60718526ca6af5372f56c82b7ff336bd7e5e6345,c3cd6e3e928c9b779c9524e85fd23d626ce76bdaf715496aaa65dfabef515658
B1094,P1330,UK004,2026-01-07 11:37:36.951,PENDING,95c4cf1c17f97b6f005ab9388c5dbd699c0322a48599e6583859784d51fc5367,24C,b7a7cc35ad19b7143ead3f24a15009f2741e6c8bea133988608a32d4c5cb8fd7,507b49b2f1c61d83d34da263a1ff4a5f071487631497ac835d4d17d4a0f14686
B1095,P1215,6F194,2025-07-30 11:37:36.951,CONFIRMED,3780979a5959ac4faa776a59f56c65b366f92e3d05c07fbe37b67c4b3074aa35,14B,2a00135bb0db2a34e3fa0cf5bd0e1f5328afab1ce1853028d3c388293f60ab38,1360aa096e6b37eb23c4e4e96486b503849b876865d652ccef820208939384f2
B1096,P1981,UK068,2026-01-03 11:37:36.951,PENDING,b80bb2ec148699cb0a5dc2f100eb3af521e99b0b5b32ceb4a78b26ce3c02df54,12B,685aed83bf356e0093c3cc72927c007b88a3636c0e6b375ffe9e7b4f35bec797,4cceba41777c665a7e1177d9ddaa847fcd3ba212fb51f0f1ad788566ff5306c3
B1097,P1959,6F017,2025-08-26 11:37:36.951,,f7e02a56d9f1abe890dbafe442a14b1660fc9b577d164ddf3ba99ce2b77fdffa,34F,103b78c07c1d7be29b4b8ea83adcd60f8f465d4564f2c6aefed62b0eb2fd0620,b1d1f04888f4982167ad14768940370f8d91cc9b297a1a833cc9f12de0b5bbb9
B1098,P1491,6F245,2025-10-15 11:37:36.951,,fb89aebe8aba117049d91464dd47586b549d7d7f03aca0dd4f7b4390eebad7cc,13D,0f46a0fd50a67896fbc20a2e791f8a68e41ec1749b8df867a60f84d5ab857bf3,74d53b628e2ee9607f7f6c7644c573b4ef27d7b7f1cd500bccb8092d2fb99162
B1099,P1812,6F254,2025-12-07 11:37:36.951,CONFIRMED,693da76722da27aea25f7aba4cebcb0690a886150638ba2eebbab7940d415d0f,26E,d4a902cd5ccdb8e830d48375c3e7c58a720f023cfaf19b167e94ec09d95aba27,29d9fc5bb6a6d3010509cdca12330a25a274da2b2f481fd3848218f96792227d
B1100,P1921,UK077,2026-03-05 11:37:36.951,CONFIRMED,eb419af2876a17e8da966fc8cddd2979c490e492aa67c9e0ce32bb667be34bcc,16D,1476af0825f01c7391d9c44f581354e133ff867a6a71377df66e3c1688c19ab2,d6ca6748649743350f18abf9939f8465e213dbeac16ca997b968ca74aacf2f63
B1101,P1844,AI029,2025-07-19 11:37:36.951,CONFIRMED,2b318a4903e34f1dc87206c36862559a5b0509e15db3d18b36ffa4e093f535ed,3D,f0b132ff72bc16399dabd9377a58046032c37eb66719aabe7c5894f902d98570,da45a947c7de955c901910eb46229f144b8a9660400efc8b15fca23ea9161dec
B1102,P1448,SJ196,2025-10-06 11:37:36.951,INVALID,3af30f986bc10fdfa6699726f4217395831090604b2908b3ebff7a84a9e2e1df,15F,191f8fbce8f4c6b309136353d107c5a5b587d1078dbb063161f8b1582d8f669f,6b987217ceee34261e8758fb646ed1258a25183ef7e787a07413e6ed9dd746d2
B1103,P1535,AI242,2025-08-08 11:37:36.951,CANCELLED,da51ed01fc777418bd54cbd22abb9679cbaefa928a792346da5bbbac7e4c90b2,20D,3518e2d9d319a9d8e0e14d120242fde2785db9d231bdb0d1614b2fd6286d408a,072c4a6e783b2338fbfa664848d04f2096a61b99c341acf419d4eae3b581c0c4
B1104,P1510,AI242,2025-09-12 11:37:36.951,CANCELLED,c2b4835877d40b7a2f74add8237548e055a054b31dcfee5c65a727f549b8bfa7,16E,480e0da0170d643ada4fd74d07c6e256f389a538ec961aeed18b86e76f0cfd73,33b1d1f780769b80e3b152e4584be8519dbde63e0ab23fd7e2aa7cbcd51e4a44
B1105,P1457,SJ044,2025-09-11 11:37:36.951,CONFIRMED,1d3dac43b1594a125129d3589980032e017addb2af0d76cbcdb6970d3cffed4a,19F,fac50d908fbe9976f7980d7d17730359d57f910066027410439f20e3d491748a,c138ca6574e5afa9bb4fc04682c3e0fcbe25db35bef52197035540ca884c74e8
B1106,P1546,UK063,2025-09-01 11:37:36.951,CONFIRMED,60b7af71e1bbb27bcfa3e329467ab95b4f47075c13b129a2c7f77acdffd970b5,21F,0e1f7d80e1dcc99e8a50e487dbbbe778dffc19e3475857f31718118e5fc0cc7e,4e12410a7ed7a80070f90c1c16b244146d5db937d4eb0a05e3f008283fba4516
B1107,P1535,AI056,2025-05-19 11:37:36.951,CONFIRMED,6a1fb7f1be0bccc719128235c39490c426edc0e75bffc7ccedef555c58ef7fe3,30F,35315aae1fae377e0628b56679f6ab456c9e5155e99637ed31be88244990014e,41452bff6d312995b1fc71503c81ea6acb696c53a8b52442014763def6234fcb
B1108,P1539,UK207,2025-10-11 11:37:36.951,CANCELLED,324fbc9c9b6f4a77972f5f7155e1baf03209043f5b91233edb2ad37b8b76c2d4,14B,f9e09bd199bc6c8848ab68e74157ca5264662b25ce93ceb056661b4b8c94696a,69eaab618ddafba8b81bce4652c33597e2ea526d0f969b8d7d7fe27c0100a8de
B1109,P1483,UK166,2025-12-03 11:37:36.951,CANCELLED,320a00e4dcb1563612c50d8a3682de94cbfb905cbe279cc8f304278ac007eace,33D,e8e9c57c9854626c26a2d0a631f6466b841e154fb2cd86ae079d5a57536819f9,9a3defcc90fedb870cefe91b14767cecc30e7f5b66418205bb37b8129640356b
B1110,P1975,6F261,2025-12-17 11:37:36.951,PENDING,3f1988a5001b2e1bc8660720ab460f52b397a7dcdd1678cdfd6c28322a2d06c2,12B,875701c27416b16bc366b65284a6708dd546e823e2b8308c30392a01af72d5d4,5e44ab07b9964ff169949d57e5d54b381b3f5d5ce8fe5c6fb4ed0822891ea9ea
B1111,P1999,UK134,2025-12-25 11:37:36.951,CANCELLED,931436b7fc1d5cfffc56146a26515320beb07e248cee82efadb991d9f3a83c5e,34A,a01e306d4b91153d62ef1726a62e58076b102cf349b1fb2f0cc76adeac29ef1b,1e769f08f8988c0c54bec54733ff97fdef00b6c63e218ce9df3569829270f62c
B1112,P1015,6F152,2025-10-02 11:37:36.951,PENDING,549b6d9a573b2201670570152d6aaf9917953310122c1fd0f5f1b8136998daae,27A,de160f6cdf0289b2ff1c0fcb88aa4f4d3740d3aa8b8e50bfa8d591b70e6137c8,372d80cbcba762e55fe72dd48ab70b1b0f77029a8af0301efb0e396ba2741274
B1113,P1570,SJ089,2025-11-23 11:37:36.951,CONFIRMED,789f60f2609362220be53b346448ec96e5328b933250c83673c8127d067060f2,5A,aa7986bd8a04476508ca92a66b6a67fcb7bdc44e1f851adee2779e1a13ef5fae,4fea909145d5cbca1199c178b4662e9bc926e80d4b543014c14cbbbad011c34b
B1114,P1976,6F123,2025-09-26 11:37:36.951,CANCELLED,8dfedddcce75255575c53951ce274f62d6a5dfb6bba9f99cd1d497dda63f7a54,2E,b57b8b428563eb761ccac21238556a1d53b50d966e3c4e5697c90855b1807603,d3e9bdcc33809e4f78edc46b9663d826ffe6179944b10b00be3fd539d0a363a0
B1115,P1242,AI025,2025-08-23 11:37:36.951,CONFIRMED,26050249f05f3f74ae93aecaf8510fd8f754273786b36f388d7b6756c60f32f3,10A,ec2ab87b59390004a07480dec3b97b2460b73f0b68369b36b2f7d4b2756cffac,b9672ac2bb6bde8c2ae8ca6315128f51ebf4511a39d9378664d6c3c0e2075d2c
B1116,P1949,6F030,2025-12-05 11:37:36.951,CONFIRMED,89c9ea9c8f3c9e814c565ec654ca76141debb09154b451792001424a3669062b,19B,19380c9363bc6c69cbd3730c56b9db3520dc0c4ed9fed7123abe64f860457c26,c82efd83e9997617fbf87e4d785c7657df745cc1e49c2844c7b6a3d6518035c8
B1117,P1206,SJ222,2025-09-02 11:37:36.951,CONFIRMED,872278f4b558af07da25e8c83ddb0b4f2b5d47e01ea7f86cf70f9e2ca2703e4a,28F,cc2f6b8823611d54fc52f1ae4be8d4b36393126ba2fc16b8dd68fdfb2d1dc338,424bd82b5bfe5d0c1cf13d1a09f30e8c5ee47225d0e25e00d280e67c186cb0ce
B1118,P1911,UK109,2026-04-03 11:37:36.951,CONFIRMED,fc3df106b0b211795b8d39ff375b53dce925e9080ec53a4af57a0f4d733148b2,34B,51bcc01d97ff48faad19190b76fb34283a564b9429ce315915aed9e1fef5d60a,591e227410af6c8f1e07fe99ba82c4bda5cf99174b6d46810c10b4a8af773997
B1119,P1270,SJ117,2025-11-25 11:37:36.951,CANCELLED,11657afab1fb6dc9b513a3f42617d9e039ee25b915dad9f4a6ea448c16c90c2d,21F,3c8c45e1074718082be3e5b746675bdc659d462be1a76ba7f8d20f3a293bbda5,2d5b4665bd0d64845f89199384323b8954b57f25595dcde901bece5be225e3e3
B1120,P1760,SJ142,2025-08-12 11:37:36.951,CONFIRMED,b84615456a996ebe5853dd99e9bbd2d5efa4e92e9c7b1906800e7687f7414715,12D,60d8041bcd3fa6fea9a3eabfd1e3a3a82f7adf08cd3b56bb49900972ffbcef92,a2eb9aa947a26a941fcf7b6448a41b38378a7f276761ce48f33efb8f3cc239a9
B1121,P1993,SJ142,2025-06-01 11:37:36.951,PENDING,d6c9529c06c807cbd2b93128349d63a1ddc1158acaad1ad9e1fc2ff26388e1c7,17C,aa0e57c1198243f1b54675fedd155506f99c0ab5d07f1e2b00efe899dad45cce,2d3f6ee710bcd4426b1538d6608dadbf176113bef2030a7c4be07ddb22f782cf
B1122,P1778,AI030,2025-05-02 11:37:36.951,CANCELLED,14b099409634db76e54dd2740662d7fdf53e6ee427db166ef74d444e3fd8d123,20B,51ca96ab6194eaf7b650e6e29ff9dcb28477604a4cd172e7b873453b90d53297,bf883372344c056a80656cf2a89d27e66eb017254da21a0ae77d8432a75412d9
B1123,P1704,6F097,2025-09-23 11:37:36.951,CONFIRMED,84b99269d7259fde4f6cc144fabcc29e82433a2ed4f5ca68aeffb158142f79bb,8A,d4818cb8c9c913f6682eb085b54025b86d0f1d624a363e9bd0d78a69ee5b4fa6,27eabe6443ecc1e178fcc2359a1ddb4d893e63b4dedc0a7a5099d632ee02eedc
B1124,P1846,6F129,2025-05-23 11:37:36.951,CANCELLED,789b2151d973ab83196726feb632ac5789d32c504f0fe0cc23d232eee93c006b,5C,871c9163aa2130bfe31357df249c896ba836ac87e8f51b593603534412541d61,5b876d9b63a408910e6535fde04259daae6c7f119210cc5ee1365a618e33546a
B1125,P1729,6F181,2026-01-15 11:37:36.951,PENDING,a0cab12df09a40743a1fc7ce3ed9fb2a1e34ac04ffe01dd12371d254642e679d,27E,788a5c16fd676e9f1cb2bdf3b3b5146edff423b4d9d104e58c1713d45d5876be,548f88bb971de300154a3a148754d61ccbc84c497014ea39d86a07cc53a69004
B1126,P1114,AI072,2025-10-20 11:37:36.951,CONFIRMED,1662c7047ff4c2abcd8d6f075904881a62dcd6cfa8bf5029254e7c3dd6832489,10E,9ead52d5ba2fd9372eb00120bf02e6b6e3d21a2a8fd9261cf1d8c5ce9e3ab7ed,39da2224a9bb3dc1fe6e08e7e0d5221074f9af70c2dbd073ecda71a048bedb98
B1127,P1579,SJ154,2025-06-29 11:37:36.951,PENDING,e8cfa1e951a826718bed6fba2eb04abaf6f73e9d871a8f955b3b3f2707306a09,2E,b2bebdac6b36aa492927eb89b68649a921f6f7f73d9eb467fd65f0565d0d2d99,e115e7674aac8412f4402409ecee9fa6520efc3226e78803165f4a7766c4a1ce
B1128,P1298,AI031,2026-04-08 11:37:36.951,CONFIRMED,742f734c2767995416630cc08e1d30bf669cc7e129c65bdc006aadd0a9e78a0e,10D,ff24c64ac53d4a424baea365228b2a1785e7fa189b43b42853d1aaf61cd4eabc,ae6e220a6be6f7ad10760d8613ac70845411ad2bee1d966c30f937e2affe123c
B1129,P1836,AI031,2025-09-18 11:37:36.951,PENDING,c410880c10b4e3fc7564b09a079906272d778905c35de2fea445a7588fb7724f,26F,fd72b029cfa5dac2cfca65f07d2c844757977fe470d5d2917e39174acdd740fe,726b381b7645685d6ff6bc148dc76ef8a039d42d70e9e0e9136246b12c23082b
B1130,P1482,6F158,2025-12-26 11:37:36.951,CONFIRMED,f09c0a93b6e2e17f6d074be07ea4737344d3cc00dc7f0e25cb34d16c37f9e0e4,34E,b215a656a7498869abd44b0ec038103955f1fe3faef89964cc90de0c346e9fc0,0e32f5d979552e6904fd5a7afaf88bb6ae475d82ed56ccac1ae4a824dcf2250c
B1131,P1396,6F184,2025-06-16 11:37:36.951,CANCELLED,2b93216a02a743cebeffd49b6bc7e3fea828e5bdd95db47fffa084819d325ef7,1C,bab795b84d6a3008e7b1d1de4f92665e877c463695fb4ba07268466de661263c,c09a8065ae25a2c39ec838699ecab864479721874444f5f701a75f2fafbde00d
B1132,P1393,UK141,2025-06-20 11:37:36.951,CONFIRMED,706954c03a671001c7fba577294209a25b6c020b641dd8fb2efeaf52e7ba92f4,10D,6e3d21a4f8872ebc680a40512f6b70afb7d18108ba7a05acb4d2a3391d234b06,ba46c67b1a3e5ecb819a1afd66ea046a8b122f00fe02737045d62e582c4c8cd3
B1133,P1074,6F168,2025-12-29 11:37:36.951,CANCELLED,d378f468ed0457718dd6adc6ce43a1e1d97ec4e93ffeac715a5c81c61ccee85f,23D,da259b6cd1311f6c5f20012bea3205c7f1729a3bed6df0a2644fa620c2ceec43,e86e629f8cc4276fd179318b162710d1f5f27d5d0e8595efb86d92893ce2a12a
B1134,P1977,6F051,2025-07-28 11:37:36.951,CONFIRMED,0a9256c654868404800f4c10c90b883a74f577a5d58aa5cc846c6698fa305cb0,34C,ce0733d4e0799841689ceda7bd441bee022d9dd0405005875ed07d6425b54643,dd94fcfd82419408c693baddda13c1a1e18739fb20eb180bd2a31e1bb0fd70d5
B1135,P1481,6F047,2025-12-02 11:37:36.951,CONFIRMED,19675c77c0ce2ef17d8dbe293f974b9e9878b220f3e00a2dced8a1e7c7cfdccd,20E,5a06f8c61e33bc77f170debe5177ba5bf7d110340c87e86d8e7dc958fa90f602,93d457382616aece96536cdc2ff43879b70eddd76517c755a8f35f6faf6562f4
B1136,P1102,UK156,2025-10-26 11:37:36.951,PENDING,1a8e2ee9604dd7baf434702843922d7d093a7539b1b628a0986fd311763d1d39,28E,2bb2f3fc54bd272d0df2e144691138835ecd82bbfbc76416e5b7fc3e80c04207,b611d83a1d9fa3b259c53b92f4e2c128ce169dfb35486b89a3b178980101a46e
B1137,P1296,AI094,2025-09-01 11:37:36.951,PENDING,3ffce22827c5a12c076c6e39d5512e0f37e323e1e3c80526292cb1a9f0db1ed0,13E,6107e2cd008898e6bb01ffa1b68a4e27708c1c5336cf1468e15c0e7fdd958ac5,e6fb1cef51b6d7c339e1303cee1d74c44abf84b3db86e1030c1bfe006036d66e
B1138,P1177,AI038,2025-07-14 11:37:36.951,PENDING,d55b6e72cb263db97dc387952fd9715fc0d732c4f2ead83eda0eb6de44852f69,6C,43f1da7de0b78676d4caa0822d6da40d18c5a04be907d8c686adeadd88e32bfe,b06d27694be11e46a91a9982678db7c5e18d2fc9a2823739314b759004c957fc
B1139,P1214,6F255,2026-01-19 11:37:36.951,CONFIRMED,bbae7556e98aab266b76d0ed93074d60e1157aa75fe7a0be96edcef35e1ad151,29F,e32b1aca9df88f6fd3a41027c6f609495cd2f4965abece81fa0fd1ac084be219,4ea2494c8be9bef738a5146181382e5f8ce3ebbcd45129d7453f3f1d957c5122
B1140,P1966,SJ025,2026-01-23 11:37:36.951,CONFIRMED,f8f7cdc9ecb48ca59a0a47659d7090a4dec094dc8f70ae76792ad3b3c4424b0a,29D,7b3cb189dd92b5b6e5774bfab16dc10f92f9e95b348a9ed406647c5f7eb54ded,e8dd9015ec6c779218eacf90686e0fbb9b28de9391eebebc30b91b5fe5ebde72
B1141,P1314,SJ185,2025-10-28 11:37:36.951,CONFIRMED,49d97b1c4c7dc5b601c293d854421aa2372849e9e60dbb3a0ce0f1f085886468,9C,8290339e6cb4e2c55ead77339418025672d4cafa2c35dcf678b4b21a25d0f211,7a204d3eec0eaa2858b936290202570bff31f57045883808d840e4385b7bdbcd
B1142,P1038,6F259,2026-01-21 11:37:36.951,CANCELLED,fcde0e2b5da25ae6222d8984a093525203d8cb65521060a26d25984d886bba42,5C,15d68d5224596fbfeff497978f9e97f73eca0b1dd69465e75059fbd2aa7708cc,af6bec53e5ce86fbb5403b49c125db1e98423397ac17799970006aa9e8a9e882
B1143,P1258,6F073,2026-04-07 11:37:36.951,CANCELLED,afdc34ca2d557c15ccea4f595211b06ba5aea4227c1c1e58ec171f60eb6cfa15,15A,9d4589c085c0ceb03d340c4b6593e49cf598df7369174a21fd807462503b4865,17c5d7a6eb9f3190967f89679c425c2d4a1357445dee8bf79974d3f0c95f226b
B1144,P1715,AI091,2025-09-26 11:37:36.951,CONFIRMED,7d87c96db5c0306d4222f2386deb1d02d31a0a7af1921c8ff502f31c8c1153b2,6D,56e3b50e363a98d0cee19ef5bff588cf0add4469878d0039ddebccc841156da3,fd4c0410676bd5a2f1f123f3634a8ade6926ec1329b640694abff3d0d91e689b
B1145,P1006,6F191,2025-08-23 11:37:36.951,PENDING,c42e261739311d312793d72db4aa9e2c888f3e72fe587c2ebd50382d863bfbf3,15D,a2efcb9b53933771fad30b35be7436923bc0c953ab007699a3d93b0c59cacb18,e9c57bb8ed1e7ff5fb52d5861d80fd122f945277e1e5ead62b3a9af45e09b02f
B1146,P1048,UK228,2025-08-30 11:37:36.951,PENDING,b7639e905434a697b08b0dd3937856bc2dedf1b077c32ff2c5756668827f5581,25A,db4faefb0bcb8947898bba46a5daedeead144dffea7252df90fc953985b496ab,489514605d56866c2956e7c831750b76c65b7c18c53a7226b7ba0385e1dd5fe9
B1147,P1537,6F146,2026-03-25 11:37:36.951,PENDING,50a1a04ea43fe448fc8c2fc25bcbe1574063ef166b710e7c5c9f040538b4b599,11E,a7277bf0e9a83679a22f9018ef9e72109391e320380ebce41e7e6721502d63e3,68e2c67d0681ff726e483cbc426cbca4c2f085fb503062786566645268a66db0
B1148,P1160,6F068,2025-10-13 11:37:36.951,CONFIRMED,1824f7428d639b2813364e445436dedd9fcdae36a4f4b6236a9b5ecb9bd67f37,19A,854afe205f84ea327d51d33e57a5e6f010ff5b0c163848efd792c25a6133bef9,a00aa7ee6d5b7a02ad87220f6aee4edefd5264ece684c9f31ec142eb8704ad16
B1149,P1868,SJ218,2026-01-08 11:37:36.951,PENDING,1070d881d49cf2af367820fdfc0a701fef3825e11cf40852b0c33931378f52c2,30F,e125845e39df0d54b81717ac52790682c5f122a009f09de291bd27c584ef5044,7537ee52503a844c3dfcbd4e3cc856f19bcc8504fbe0f84816c58a807901a820
B1150,P1175,UK083,2025-09-25 11:37:36.951,CONFIRMED,3b18d93f584be98b315591447e52842cbc96bb65475165c52d60b73be5f4a453,12A,246347eaada2e5c8231c4abbb9c3173d8c66993cc8f7e2a90a94c6efb96fe297,9bb7e7574654fa448953a935cffdd90bfc39c79fcff6eb048c65c0704784ea93
B1151,P1590,SJ007,2026-01-18 11:37:36.951,CANCELLED,14689b785bc985f0532befadaee10d858e5f410759b91bc61f46bb4a80bec0c6,29B,c91850ae10b9b6583d1e73647510158d82a7e750ea9d17e6e3ea9daee9086cb8,65b92cd8753809ffe60a4079da2739349c7f8d46cd5efb3ca4efac1d17dbce62
B1152,P1001,AI077,2025-08-14 11:37:36.951,PENDING,9fbb2208f976683265b49c7e742f5ce3043bdb2b93f6f711ca080266af97058a,27A,6e72738e03a76bed0f754c3b789f208900faf52d21dab2f304fb3f3fad800335,36b9b82ce8c932527dadd8b5ca9c7ed313934d126444021f16e778ed40d5f0a7
B1153,P1894,UK017,2025-12-20 11:37:36.951,CANCELLED,27fa8ad298e54db4d32b9a720396c0a605dafc7c85cb1df36c2cb9e571b585f6,8D,2da132b4af1df563e6e1817168666829fcf829d0733ecc815b98674adb68b132,cf4c698462c62890edb08d86dfdf76282c3437e8247b9ee5d9086f6ddc5dd042
B1154,P1454,6F229,2026-02-17 11:37:36.951,PENDING,3c315599a219a4238a63f57f70ce0ecc1e3a2837a9b094479575876402c7e0b3,24A,5fa10f5a102575070161e4f55da1a9329d64a1f3c36bbde146c2c9b54571022a,28a3aee190495fa64951b66f7d9a51131fbcef71c2c5aabb7e60b211922ae792
B1155,P1927,6F074,2025-10-08 11:37:36.951,CONFIRMED,ab2ce452d61eed454d17f351dd066f2e8fd87705bdc14dfabd92740f770007c6,6D,66f7be0c0a3f894fdbc6dfdac05763fd6a698879634df1e632f4bc11593a6ddf,6f8826023c09ccaf823aa7e25885513bfc931b30a022302def2f1b52487bd72b
B1156,P1643,SJ088,2026-03-25 11:37:36.951,CONFIRMED,18105491da73b71e3b58f9eef13af92656c66ab882b94c03f3d265591c4ee9f4,5E,ef79502b53431baac257a77cd73ada3932bc525d42a78758974d04b5f4d2af20,2119b6f1283099fbe6e83bc5eeced0c85e044bb138ef5e67c887dc52b79b637e
B1157,P1275,SJ167,2025-06-28 11:37:36.951,CONFIRMED,d05f1dac37acdbb5bbbba2a6f923cb43bb571849a5acd831ac9765f96726fee7,18B,456e59fda5e5f57c1ae25daa59df440202f8609aa35482f1304d386570edf934,f022539c5dbe26667047372630bd24690d6d2de0d1b3d1ee57e5ddd1f53900c6
B1158,P1497,6F234,2025-07-20 11:37:36.951,CONFIRMED,02e620d5c290a3973a601298568b6fac9d0b54195fa66d36239fbe832769df0e,22A,dfb2003245741eb94009d986cbed2fb300d3812223ae463eb4f4dc8a7213e888,0f1202e0bc6bf2bb161c91b62d0ddaa1a07a71250ddff4e0188ec0edbb727365
B1159,P1628,UK071,2025-12-10 11:37:36.951,PENDING,37f83968179dbd01c8c89f7be02004ad23b8f340c09cb6db33eebf02ff651f20,22F,fddc685cb6e0cf4af9bd8c38f159ecbc1b1b028279d9d47b649369676691060a,12bca88f440ad7a40e983d4c24426bef2a7e0d210ef3430aadf535f151fe988b
B1160,P1675,AI178,2025-11-21 11:37:36.951,CANCELLED,f60d6ae35bcbee280b4cff2229c6adce3485684bfb6e4c0c24199828eedf76de,29A,0089591192f8843df4173f395521f4f94277916a948ae153c6004cb2c13e317e,b9ee2148b1abde108d81f750481d53c52c86fcbd936f70c181f778e7f4e12c8b
B1161,P1799,UK104,2025-11-14 11:37:36.951,CONFIRMED,704cb660916331780a62ebf82fb4b42443fb7a7e9f58766f5a2701b26882e382,12A,5e7350b9bbe944d2847e5f508905a2c1f48d252392f12c26815153e3704ab6e1,64bdcaa685e64726303de864abd15c16534a7f723521221a1cac7b8a71385e23
B1162,P1027,AI146,2025-04-22 11:37:36.951,INVALID,7614e3e997090be59e36a917966f25b688fe14b638671237f36ed217ce8fc864,32D,76e780172906a48f9d6f80b58391792b97a63bd7f1174f462791e664bd46ee30,86fa2d94cceda5ff2650b987f92a53e1d20f82899002c9dabbf042a62b79094d
B1163,P1332,SJ235,2025-11-10 11:37:36.951,CANCELLED,c4d3ee9b910c5e48e3a17c0f495f1eeadb7925899a36633b28b7b65a63621a11,13D,ad1bf313538673dc19bfde132d5174211e6359f789cfe72b988d68b0234e0d41,31ebc6678504b17c2defaa05618db3209c35225bb0fa2e1c6c0ace2fcc405461
B1164,P1000,6F209,2025-04-24 11:37:36.951,CONFIRMED,fbd36eb2eaea50ed0e5863fca6b487802ade1eb478dd9919c77eed3a3c758223,24A,7fd60899cd39f183fa9d9f0b2bf01884411378297c296d821c742b471d422029,d24b8a9e704c65d232c094a2a53f78033f34614a6e998f4d0c6da4d6c3086572
B1165,P1187,AI129,2025-08-20 11:37:36.951,CANCELLED,7e1e2b1f17b8b4b57068ef1c98c58d068086b448c2fd9d1e8280472a6f331730,2F,2695c3d6a67934cb729bc34cd5d75f4f85e0f2fc19742dcdaff42beb1197d63c,d8fcc55904b7ef7677ffa98f4319fb301eea9efe635a538cbb4a8a2923121c9e
B1166,P1055,SJ141,2026-01-23 11:37:36.951,CONFIRMED,afd59be446e44c9a4e522bfbaaa8d523bab389aa0059e280f1820d599fa3eeb0,34D,01125e23a77f95b065f9282f71fcd0622575b6d5894a508e30a3ca32234bb6a6,760f7538357800acb21f7c00a102bba509b03df7b4de9dd7ae85270caf51c1a8
B1167,P1546,SJ018,2026-02-02 11:37:36.951,CANCELLED,25c9918012ccad8a3386a7166e4e66401571fae8ff949e2322ce8b2e090a195a,9F,335d85ea3809a84465e9ec091a07f5640ddd6925dbf39b0fe3ef4d4a77d26b58,d98589e15d1b8f77e46335a788a468bd87a964cdd1b3f4b64dc79e45174d975d
B1168,P1111,UK120,2025-10-14 11:37:36.951,CANCELLED,b2a4552d3e133305abe236cc941605a71e3705ac6264183724fd14221a09efeb,11C,1807974e1d9dbe8d70f05a307ffb4110f0e513355221a88a4410632b4651408a,bb1836d57d6348ed37c074b3c03b9f0c8214df36404d02300d99ffbb2b473b74
B1169,P1797,AI078,2025-11-15 11:37:36.951,CONFIRMED,ed1edafa73bc76f891088b2d9e70ddda8ce18a10c69c4c5a1b0892c6084d1a24,11E,7bcb89d2fe18e8ebe5a6690d9633d35bba196567b720b5231263560545a1d05c,2ab8c2b102218c5ef716c6de7f57a54a0b1ea27d7e2a50c2c87cb4377b3e043a
B1170,P1309,AI079,2025-09-14 11:37:36.951,PENDING,b89fef1bedb516d1e80082fd5e7ed0797e74168ed7a3341750db3498b4637b4e,15E,dc79d27260241cd07d22f2bed0c441d5a5fd9c2a0e49cfe4ff8939190676300a,b70217172f9d8d397dec488d44a59a2eac3b92ff8a3836eb6996820c5f95694d
B1171,P1035,UK087,2025-09-19 11:37:36.951,CANCELLED,5587d350cca62364308403b46323688c7ff3a9051b2c90c1f4a05acab620d65f,21A,31c1fc50e95a774d35493cffa2379d7dc1b233204ffbddc057459b9498444588,92600e5843b7a6b64d77e33fb7a2c75501203b9ddf99a3cc4f5ba4c040326b54
B1172,P1438,UK133,2026-01-17 11:37:36.951,CONFIRMED,c4cd72969b5315c5d119557109775cc6fbd411dc34a29bda0f7174e981fe2ed3,8F,13df5930f7b6eac28eae4860c667673941f43b619acb002102ecf3bdf2446505,46d66b2036b519a8917c1fc85453a5cc768bd70b8e2255d58ba42dcd683bc532
B1173,P1728,AI222,2025-06-01 11:37:36.951,CANCELLED,2826a2e130e92edeb0bf8b4e98da6c75b987e022b74e670c5fae9d5affaf3044,22E,5b3831ad93b7e8d668f80da30be7041e41ef9dad839918212b63259ce6208829,f548d5152d8122cf46a403078581648d4ce8b182ba4e0164d242d084905af709
B1174,P1591,6F049,2026-04-12 11:37:36.951,CANCELLED,29e92ad39b5d6a5cf51948e1b57fe41074ecc0d65935624f7105e39f154db768,19D,07bb2b58dc9df13f95106be98458254f58e611610fdb0039c8a117674876066a,ed5a73146a7ffc9d9c8e0781893e8fd055d453502d60e03eaab0f12c47037537
B1175,P1825,6F105,2026-01-29 11:37:36.951,PENDING,466c0cb9c65667489de2ed27cbfad00f77dcca37315db91e7d1797018c8015d3,27D,33a943d114170e5cd9bb0d2e71cddd830ae94e3ac8e206e3c5d5c7c873dd80f4,9af59edfe642afb61a9af7c9abddf27bc4e0a10cc8780b38d9642e8cc0c22a46
B1176,P1594,SJ226,2025-04-17 11:37:36.951,CANCELLED,25b0176f8e2de949f4e17ebf1bbe2e6e1c61da8fe1212e880fa6a46da33e72ad,7C,6508027aee82394746d9a2fc5a7830e55765de738df485f1d849152b55342e15,476204425944478959c7f8141e03e876e58d09bdeb0a0505f6d7eb7e0fea18bc
B1177,P1576,SJ227,2025-07-29 11:37:36.951,CANCELLED,1faa946c34da555ba823e261f3cba33578d947a9f17e966ef0889e3cbbdf8c89,34D,1c0d90289f97eedf1b5a24055355adfb7e14348f185dbd1aaf3c1a7f8691a47c,7130cb277a3a36368e9e6ddfce0d09c91ae0e5059a0bb6ecc242c5da49a74570
B1178,P1324,6F034,2026-02-05 11:37:36.951,CONFIRMED,0e2f11d40ecb3e76d3a30cb8174630196db9fa74b29d965c3c8ef71b6e435a70,34E,aa35739d62d649026aad834c884bf3e6051b3e0e4a238ae188961ec9aa2f46d1,a289d6cb6563c44b58b5820cf731c471953249a65d4cff4124801f6d25673077
B1179,P1639,SJ078,2025-10-03 11:37:36.951,CONFIRMED,70e7a5fb17d65d4fb88119cc1c6da0833d2cb160b6b1e78bda5c91285567fd66,33D,fdc36e435fe3f5dd23a9bfa7d906171388ef7a5611a7273a5cd6f8602aa4eabd,08dbc1b688f76ce8539a2aa964e6a0e8ecfcbc6a934f40fb5e8b12da22c9455d
B1180,P1306,AI240,2026-04-10 11:37:36.951,PENDING,a64c6645c82fe4ffc23ec6ea7c130e8367d6bd70ecd25f18b56ece385196170e,22F,5c7b2d5207481f96645b9b3d81fff9261dffb64bb3727a6cfa57854c2a2bd556,284a451c7b30bd5fba65897d3e478df0c10ba37f7c7fe10cec05e9d9ab1abb22
B1181,P1533,SJ002,2026-03-29 11:37:36.951,CANCELLED,77e39000ffec842565748bc0508ebb84d541dc0722f76377dd6bde1b643994db,12E,4a00f69bddf32bc771586b1f0d1c35ee89c995b048baaea85e86367b2e72cad0,8f179b0448a32c788b8271af13b7c6f35a1146c074742e99d853f41946ba117a
B1182,P1727,AI044,2025-08-11 11:37:36.951,CANCELLED,4b02215cb1568771014a68abffbcd6ec51fe62d69e4298f13f6527b168e8faa6,3A,42d06bf521fac982cd4a007e896306fb64c1f45140e105f61dced02ae2c026c1,d5a7fd96e8b4346ec07338b4c5537b70cebba524dbd9f66db65218d8f5721fcd
B1183,P1618,UK076,2025-06-22 11:37:36.951,CANCELLED,86829e1ac6a1acf36d7da0fd603c944f246c12f0f24d15eff3f3fe36cfd572f4,8C,20023f6dedefe6f4a636f7493b69267a899843a53191061c64b355d1bfa6d031,2335d32c8fe879a44751350456213c1807dc4f8e5878fdfccaf874f25116c097
B1184,P1108,6F232,2025-08-01 11:37:36.951,PENDING,62190f4d1de67f08bf3ff0998afd6f4621df5a0e70262d6aafac5cd78318e105,28E,e450cd394155ba5eaa207725f0840dea3522e2b0ff6ccb3828720cb39fad43bd,c3c7077136b3cddfc9d5d02427796198fd25bbd629692cae4ae135b9e901ba6f
B1185,P1371,SJ228,2025-08-16 11:37:36.951,CANCELLED,287a4af8dd539be3c956e8e81df69800906e485061ff034901f29aaacc2faaec,25E,90f44d86ce41aa5923a097d177f0b3fb08a2d7180ca4684e50eb8a8890715bda,66f3670c57466e0a36017e2d8a18243b1b8796326c6be6b05ac7a25e879f3dfe
B1186,P1356,SJ074,2026-04-04 11:37:36.951,CONFIRMED,d05484ef6ee594fd089629328a74779f1792600441d472b34cb8c2c77ce1debe,1B,1332a74083fc0048b4d92751d911ed81198d1923de3354c2d7357fbfe2a7f754,eaead82b4546e6f23bed6879f19472a72b76ae924dcde7edeec48da919ae4f40
B1187,P1180,UK229,2025-08-04 11:37:36.951,PENDING,e41475699a6d3c201ad9db963898e75e8fbd8213261b8c894406d9c6e94c7e78,7F,7c58199e51a0a137dc69ee97927e8f46b36a9e8a7515b400d615783ca203133c,6b4a3f3b6d19f867aa2e0ddbd6e6caa351ececd079858d1feb4287257b92155f
B1188,P1355,AI208,2026-04-04 11:37:36.951,CONFIRMED,7a099f39ae7927f371494f99bfb4b5fcb2bf45de0b3224616ecb26e74db6675a,6A,2359e7183537eac8052fa29ac3594006572ca44a8b692666d8cbe78bb6e9611e,6a64067503e7dfa321d2026fae9a6b31d8704a07e43edc206a412f732b078716
B1189,P1675,AI019,2025-11-23 11:37:36.951,CONFIRMED,1e0b58e9054391e824729c00bd9a72ed93c6016a23b0072fbd154e99ee2f65a2,14F,4ed2a123d8ab77dea6c1692a73dc52bd99da6316187d799ef90506dd297ba627,ca6e315e1dc5ebb77d73f10f0d6116b4481ef8fb4bc6e6faa871e97d8cedfed6
B1190,P1067,6F029,2025-05-23 11:37:36.951,PENDING,fb4608a3ca51111db2f3dcfb274b8330443f1146ecbc7da52f6b4eea2896fb78,12B,5e6ff90a0330b279c9f5210d36eb28b402af5c5005018e0d489cc398cfe45bdb,fd99f686dfb454a47e2a236e42cf0a858661918aaefab346b74a8752b01f2896
B1191,P1291,6F018,2025-04-27 11:37:36.951,CONFIRMED,667823d76db39ff394497f42abbbda47df86d5f594f022706be101b6cda79e54,25B,4e13f44870d9d35b147d712fc6c401b6edcacd217720d2fbfe842467c901b0e7,819fa6d71cbdda6bdd6bcc3235e4cdc0e1e4ed2789433dd88018e4f0a234bca6
B1192,P1691,AI059,2025-06-23 11:37:36.951,CANCELLED,6fc5ff2593b645cd9d045c7fc5f7d08cab180cd780a34ee4b0520d666f14cd9c,7D,0797e6e17d92ab65da1efdf5112f4bb0e0193750c42084f7093dba2b703708b1,f06574ce727165c528308b024de07430a274570abcb0fe54e99d3b62010429ff
B1193,P1180,AI159,2025-05-22 11:37:36.951,PENDING,afa5b00ae8c19c0b068862b335350ef61024325ff0b31108358e43d01852aa0b,13D,b3c8e66f93decc807d82a61bd0e988813083796b9294b6c3882c3bcc33399c82,b6dfc64dc99d9b9bc2be661c8a5be22a30c3d5ec1ddd54a9e8f24d08a6fe912f
B1194,P1465,6F091,2025-07-11 11:37:36.951,CONFIRMED,21772342d60b2d2012e4b6962542c080e1ca1487037d6b8239896ed6cb6b76c3,14F,fa62b96f14fb521712d43b5c3c61099dc368c389830da4d006fbf959e017cae6,99443d2585da874031c19ffd4e2987dbd9df2ab9466fc07eb7ada7862d3831c3
B1195,P1433,6F084,2025-07-20 11:37:36.951,CANCELLED,7a5de755198c824b76ea8202754ee9c71c41497cb1622c9709856ffcc2c531e9,10B,2984f9ba7b7d3372757c755cc9a650f8ce35cf5567d05b3eae0ada20ed5be7e6,76b35cf527c0dd205bb12c0765eff44729da2b3d71ae77addf10daf25893c963
B1196,P1463,UK170,2026-01-15 11:37:36.951,CANCELLED,410a1643c227b32811dc1f1054358bb88c2f6a08f88628e7abb23199a9c11964,20C,b391a67cb567f68479083e12bb0614d3ec81044266b2f770d7b91aa35b100b84,c4110ec41fba2f938c815ef613cb66d1f0b69b86930648fe4fa74ac71287e66a
B1197,P1680,UK212,2025-05-19 11:37:36.951,CONFIRMED,b4308a23ef27362101f51341aeca9c05d744a1b4da95a3b8c228ec1a5108bb39,2E,827183afecc1359ec1173495133b35a823ae8bc2f432c1d95e0572c4d73eeaf1,cfe58be43974e7976aebc044a8ad4572784cd8d0b1ab565c37fac3fc38ca2d1f
B1198,P1913,SJ022,2025-06-16 11:37:36.951,INVALID,e443111bff25ce9e1730151bb67a108c4270ef5a155aa4970a4253ed7c3ef7be,29A,4f63afda888b984896d3173e4752f60d19f2ab35b0637659061edd12dba20ef4,110b1058cf4e84d322c37d74878aa1a9ebfc57c81a0cc4c2c686fc9349854412
B1199,P1533,SJ075,2025-12-13 11:37:36.951,PENDING,e44d23e29f0e31c6ae6853ad5afc49a40854067ae095e5b2893409474990366b,30E,dcbceda12c75bb377970415eabfef787c6de137d275c370824660e82559d2fad,041ea4b4cc22ff126f43b1f101fc829cb0ab741f32107fed6c03ae01b1fd7a7b
B1200,P1065,UK177,2025-09-17 11:37:36.951,CONFIRMED,d5b06c9879e936525d55e9d22dd1e877f5ae1cd005dce516184b8a85d1cf10b3,16B,e40cb08ea716996de0cb47390d9d12c93a6acac6b6ea2bf6bdfad93f2ea4658e,899b4099c577536951b62e92684af50c78758f618f811d513e2011334cc3ebac
B1201,P1020,UK206,2026-02-01 11:37:36.951,CANCELLED,3e29f2cb2f8234e9a7756ff746a2123fb275da166d8c30cd10af66676551361e,3A,86caf3a68ccb70d1a93e059e1353d8d9db1193ab648eb5079bfec964e0c048d2,b250b0d3ec11551ccf07ef4603d961c92da2be4dc0d5dbab164cea63a046874b
B1202,P1611,UK079,2025-04-29 11:37:36.951,CANCELLED,69fda9e79160beb599b6b5c9715e63fe520f6ee51068c37a6a40169c60e40e31,29C,e7ef5397aab8528dc98b3c14f7136478e78881141c58d7362f4dbcce413b914a,95051ac70465cb8c83c56ff5cc894fbcc09c1deec27b1157270e273c3a470d38
B1203,P1383,UK040,2025-06-21 11:37:36.951,CONFIRMED,0a16a9bbb8a5b9ee36598ca89c4cd865d579b853dcfdd46a5bee787bf3b038ed,3B,85b66adf1ab85e4f24eea7dbcaca7c23c8f07685dc38f521b467c23d4d73e551,1f0d7dde3a7dae23d1a46406c71796f35d656fd9f757eb4abc7c6e77dae4daa4
B1204,P1811,AI034,2025-07-25 11:37:36.951,CONFIRMED,814d6c12e4912cffb6a2df504af504a16c6f9de1434f921402e798e7b56717ff,30A,13468f48d6665735123f7a91bc6b0cbb7f40efa23ba9d394f529c282d84f01d7,76ba3a917ff1a8c9a4527f565130848bfae3789b91fef9cabf02139fabef5ab1
B1205,P1614,UK034,2025-10-18 11:37:36.951,CONFIRMED,ee04af9da49bffa256b08ef986c1d0b2af336bd8323613a185905965f9b898c7,23F,71c67bceb6316b9a9296ebd384420c7b8555109f8e104fa6ea3a1215c247989d,1e6b9c8ff35f095c5a76a60d5af3b7731f99581e6c564be264468f1097ad496e
B1206,P1558,AI088,2025-07-02 11:37:36.951,CONFIRMED,92b485c38fbce3d1a40af3b43d935b3b727791be8875f8e28cacc868d0aad180,13A,80ef5febea45e6ff00ba18a97ec839e2d871d62156f8bb1a5252d66d321ddc0d,714a506af804abcdcd3cce58a1b66f6ae5f1db5e8c5686ba1c85a890ef61c909
B1207,P1038,AI128,2025-06-11 11:37:36.951,PENDING,469b6ab25310994bf9eb7db6513f5f6d565bddd4dd41830fa75da066a1966a5c,26A,1a156cbf5cb5a6d16acb8449b2decf4886a94d151b6730a3e4c610a2e79fe531,adbd5e675ea4997b647ec7ccb7de6e145440fe2fc7180670d5be8363eaa8f484
B1208,P1284,SJ052,2025-07-22 11:37:36.951,INVALID,95582300eb4865acd045e42dcbb693cc823d40303b6cd1c0a55f441b75b79acd,9A,5ec194e5b62d0f93ec4e3da9531b84698d704f77b32bbcad36e6742f228b2543,f8d05f2aca838941f88dc0dd2f78c9af2badcfdb6a689fc5468f04a832a03048
B1209,P1821,AI233,2025-12-15 11:37:36.951,PENDING,d4b8065ae6c579acd7c338d72e51095dd9715a3f625eb019d57072ac1e28a3e1,3A,1c1b7a9a57aeb815a32acf5f12aa8667fe3991fda5d15e220d9f3367ddcf05d2,09a0990923bf3c4f406da2841fde5f5f952635ea9f102529291d3c8add15bea2
B1210,P1601,AI012,2026-01-20 11:37:36.951,PENDING,4c431f72d5d04d2f7eb54b9bcfd055d7a838af448282727ad5f98a15a7bf9bd8,3C,7879e47a9261c2c4acfa408a6989c68c69125bc012585733c72aa47e647298b6,a0edbbb3dfcebd418243380c4139597f8e39c6222f4c6c6075716502694f39da
B1211,P1596,AI084,2025-07-07 11:37:36.951,CONFIRMED,023ae20162c2f3178bd4afd815c1f6538d442639481ec353e661efa23d9a8066,34A,07cb9733c2e7b4a9ae3c4dda221b4a4751c9b3ec1fb30f1dfddfc24cfbc9f390,cda8308f4f516b2c2f9d4325dc6cb811f441a95f95f0197a35a1d0efbfa0ba76
B1212,P1784,6F126,2025-07-08 11:37:36.951,PENDING,3af066e17c571ac5b0bfece9ea56058e0524ed72ad0ba644da1b790c696e6716,34B,86523336376d7ec79a652dc9c34dbf073a5f7ae7af3ac1b8b0e84b5fc4ff6a4f,5d5f312f016a94fd25e9d90ea5f569ca74a8b57a95f70fb97e6edb31b0dfd42c
B1213,P1335,SJ061,2025-06-16 11:37:36.951,CONFIRMED,6de19bcd15edd069bf30647a26e17387ce2b95d756451c3a86d97c0f59593e54,2E,e2995dea9b31ec59863f273fcd77eb1288a5353a898e21e8522d9df12f640e78,e6245d6b196e2dee5525ce21b0660b71391557976ec71e5ba67cb757bbcaa671
B1214,P1187,UK194,2025-08-14 11:37:36.951,,c88d65fea3680e5f9d1f71ed7ed3d9f186af7c4cfedadf768ea8c93a57f2c25f,23B,fb07b93299d3ebc97ff1c6fe599126e4873aeaf089690e6f99ef4e1e7452a16c,ef2803cccc07a6c5aad2fc3c332d429aad19f8157a32555c8615cda7677f88ac
B1215,P1670,AI135,2025-08-08 11:37:36.951,CANCELLED,a4ccb4cebf51d991d78c8cf77077e243f5155e04690a07d20d8b8b3c6c1d09ae,28C,ae2c1d1f51e8ae30390ea8268572bad8152973b660f12edfc2bea989266e91a7,25fbf30d738623bd31ba873dcc60ca0667f3e1469252eb1de8091135320e8dea
B1216,P1242,6F238,2025-12-09 11:37:36.951,CONFIRMED,9e7c2e3450410e8a398b07b4ab3cd22eb4a90d3c7f309250034def2619afce0d,10A,9d9993f6f9285f1b16a11a7b3b928c3817229491e06d29d828a864b62caed0d0,5bc78348cffa7e53cd75188fb7ef93c70e73b20416a287f372f8ec49a7b5965f
B1217,P1072,6F092,2026-03-19 11:37:36.951,CANCELLED,6dc3d57d8ab76aa9d73c5f9badbce0d740d7308ab94ec1c650c31d41547f0b33,32C,6c37414a3f16bade59b6d67a3be6d239cb2340ba65a7bb7d4c15e83a35fba046,cfeaf263a90eab589c474fbd6284af1063d3a943918e2aeafbb7560bf763e196
B1218,P1478,AI213,2025-11-13 11:37:36.951,PENDING,f1b8efb28ccf874abcceafa0c060b1597785842c7a2da8e94f1b35b149a1da81,2D,659fa57796d720a1d526f0b6d42e781a9d08069cc31f1dfed21fd54a6d5776d4,abd820607b678c1b096ff27d83a481b0528e7512ba9cb53bad959a0081ff57ed
B1219,P1973,UK193,2026-02-15 11:37:36.951,CANCELLED,e6f7c7df80fc633fa4ac30338eff62f929800f2643569257433955042331a89f,1B,72b90f47648ee84ddabef47d14552e980aed9a3457ec4aabe6c78f3006171623,3d69fc16485c4f3d7ae4a6ace25aa85ecdc237114dd3ea5a516e16b9c7c32d02
B1220,P1560,6F178,2026-04-04 11:37:36.951,PENDING,2a111245db330168e7329b3680eda2702026242b1d14da346a34b2292688f555,29C,aa8421bc5b34d289cb8718d0a67e6d6e05c8e37be6de04ff74949603798c1ee6,a2dd0f5ed4339244f7537e8f3c1036191632606d3b1d952ca5a0d827c439b7de
B1221,P1100,AI158,2026-03-06 11:37:36.951,CONFIRMED,43dd69fe388e42171af5ac09ef66076abd3c2e1cad609508618bc88ed4902104,19D,1fb969a093d50fb69952c1fdca0f214a49ad131f09b7987ea49128eb7e6b0bde,e3a61685cdd97b653f276b2d18d11ce4824ded24f43b7dd7e60ad474adad5a07
B1222,P1513,UK208,2026-03-30 11:37:36.951,PENDING,b36b5e62db340ae2441a54ace93d3fb457e313ef26b5f4f1db594ea6912ab2cd,8A,77b77d28d324787d698af146b0b473ba70503abc11c94b3b4c7abd97845872c4,f082a65d3df6eacd1d26f396ebd130a026f497a0309c3e9d259bb41ea6c1cfff
B1223,P1755,6F056,2026-04-09 11:37:36.951,,102bf3cf727cb98767a5fd7b0a2795fb68b856bfe71a490945a40be3d72f0134,15A,b4bac24ad6e2ac57ceb70be376865c79937caf2e82b8ef3d04491de730915e9f,7bcfbc12a73ffbb9286286ee828180e9fe499707a0008da367a6f9f6b782940a
B1224,P1175,UK185,2025-10-26 11:37:36.951,CONFIRMED,52bb409870cf2f6bd7eeab38acdd21f5ba9684edbf010194a59e84f28bc5802d,1E,22c260d5ae80e95e8274af806b19f6fbf7c0e4e170254fdec8f5ca1bd48b43e5,c8e3f88bb91e68437d3a365df9462d154442a5ebaf4f1f478dd96c3a6a60d71b
B1225,P1237,AI163,2026-01-13 11:37:36.951,PENDING,6c2608bc4b6a8e04f0ba56e37e4d68cd55501b8b2ce1161d64b39ec8019b6b96,4D,b0c77e702bf40566728f6820aaf90beffa03c5c08cd8722dfb309360c28d6c6a,ef3204173e855e564a835029d72187f4d81894b8c55c820b0a54b8c0ac1a543b
B1226,P1909,AI112,2025-08-23 11:37:36.951,CONFIRMED,7c9b8796ace1872c7799723a905197a51d319c92391649ae6457f017208fbe45,15C,fe0a7c394d1069985109fb570779efd42e963db280dd5af6d098c796e9d9e823,23ddb7e7f370a1a8295c5916a60f1108aa08e4a8b688d0194d7edcfeb51b3c4d
B1227,P1058,AI227,2025-10-23 11:37:36.951,CANCELLED,53d5b02c4ececebc0679f0567c73dc3ceb5871e6097d281812cc3fb18698caa4,12A,fbf0f224ba4697144394de42340e21e9961405b43be8b32f973ebce9a8552777,354eebec1be813180af939ec2a01d54bedc0053fa61a890916f85c882560517e
B1228,P1864,SJ083,2026-04-17 11:37:36.951,CONFIRMED,5cea9f976a13567d82650e259a45fe934c19447efee2dc6a69b5f0ab77cc26b3,29D,76c4002575434c29b54a7c16f98394064484d56f9efd8a74cb60775f32c7f1e4,a3710eee316defbe7208311f13212de751cc8c855a43d6cf1635f733947132b9
B1229,P1098,UK073,2026-02-07 11:37:36.951,CONFIRMED,e7d8dac664c7741b9af68ab674ae2bde534a8e5d4effcd52866422b42d8eab7b,13F,c149f6f8d22132216f85f18227d49e0facf7087fb11ea882fe6a8ac62fa6158c,c16a6f721b7f05efe735cf92fb3598451d263f067c8066be64b72b3d97390c14
B1230,P1953,6F169,2025-04-29 11:37:36.951,PENDING,c07e950faded43375baf567f1e65af499ac3566a42c06d8daaa40dbec2432a46,6C,cf36900938238e81b92f69ba465d4c09f4a4f201da83f7f60900059729870d57,c6c07ec340d36077973bbd528fe50ad2a4c810e8b5d83689f3f43c037a8ec3fd
B1231,P1870,UK154,2026-04-06 11:37:36.951,CANCELLED,56faa0947b399988d74a3593596fbf7402db998ca43e14fd6831bad1cb659498,27D,d18935270320cc8ce4567bc70876427af780daff752d7025b6453c344d1eb8e0,a5da213728e1d463bbb236bcb3c8f9ababb2f4a6b44a874e532b08a56b923051
B1232,P1953,SJ169,2025-10-06 11:37:36.951,CONFIRMED,01707546bff7edec03c00172018ff1957511e12f110ca6db1d04aa8adb589f2a,32F,b1f5191eaa0ec7fbf543f2e667d3c884d16fe415849ef08340bb74b8c6609e45,ea432adbd120c15fe02ff36d0a35318f7dbd950e1ea1ae499a1e64829ca525be
B1233,P1494,6F187,2025-05-13 11:37:36.951,CANCELLED,bb896c0cbe48a46d20eb8be711a12e37cef6612cf4602106e44c0cc7eda92858,5F,c0cb21b05f88366db6999b89db9c08cad7b4d9423cb186f1fadc68131a540483,f0e6ac0d7400ff0d9de1c1a0b734de66abb9a07aefc3c8081b6756d18f4b5705
B1234,P1946,UK210,2025-11-21 11:37:36.951,CANCELLED,39097a96fd52f1ab575064b84aea1a1cf7d1f292f1a1f0a78a3ff315753ac594,33A,a807a9965e8babd6d10251e58af7e9044e61423bafe79da751fd1b95ba32a039,9b3411efb45094ecd853a0ca5dc6ca74805b408117839efbf81a6aa9f4d369a9
B1235,P1979,6F250,2025-12-23 11:37:36.951,PENDING,6cb9395cb1c9c17e4f07ec2f249cc94a53e00817798604d12edabe92ffe2ae51,13D,ca227e53255d5ca607082bb81775f19f10a29df557b34c6fd6ba5c4c431f9343,f7260ccabab17ae0ba9c792ad0a278150eb2736058eb89de398cce3c7593f664
B1236,P1513,AI062,2025-07-05 11:37:36.951,CONFIRMED,271679179d225d9003b9302fdba69f47c23566780d5e4f906ea5203eb24d005e,25A,7332ae1456d1cbe04f1f64b3ef8dd4670623bf9491b79e25e922769772e68141,b84feaf15c7371a59ab82203962f581d254cd0bbb9ef3e305b28c7006958562c
B1237,P1754,AI047,2025-11-16 11:37:36.951,,121b9f591e6061df87f87d4d26b0ad0cccc70d64b7807a15ac348256b4da8d3c,15B,324b72b25d990e7dfe2047003d9b26770c77112390755790a333f16c50acca24,ed4008e736a817298de2bc8c4f5fd9db8575af751958af4ab16858c984def46a
B1238,P1296,SJ186,2025-10-20 11:37:36.951,,ad635b7764298da4a1ba1517a21fe4c375f57ac073e34ff7e32a508c29f6a51f,8E,4968b8339d44ae9f23ff291bd4ce2d28cb30f1e8b6951dd04e2ca3a561055e4c,8820eac71dc1c7c5dfe57e758eee862cac9789ffc9a0a35be22d52e8d0324fd1
B1239,P1210,AI217,2025-11-17 11:37:36.951,CANCELLED,bfcfa5d90de2ed500ae6db328dbf58f7f9eeeca47def190af8fcb2f37471d9ce,30A,e828be26d5e1f139a9a41fec143b8adcf3975322f7b0d712051cde26eed7af98,5d6c95420996438cadb5273bbd77ba03591b154de0b7ae7b79fb6003192eda4d
B1240,P1122,UK100,2025-12-31 11:37:36.951,CONFIRMED,cba42f3eeb784d654c1b82b776ab102f87a52844746981a5aa8b795658b60481,17A,0b96a56950789d42a1c7422714a2e4706837095ef4fe2ca04e7ee7a5c84a3a5f,529dc7edcdcf606a1c34fba73729db70d82641145f6daa9aa7e4db9405ae7a01
B1241,P1228,UK116,2025-12-16 11:37:36.951,CONFIRMED,3908b31871d0dc99ce6c5c6f9400b196be23f1b17da44490dce921d0e5c19530,10A,8c4a8bbb2c599da7618fd7449efcf6208dc9d98810b414aaa9346955e2c0472b,eca6b7b73491581705e961dfba31ca5fa86661554932cf1544da2fe124146cb6
B1242,P1593,6F036,2025-12-01 11:37:36.951,CANCELLED,35124f879d9bdc9c7bd6151647e05e93c1e68285744adc7d56ac67bf6490e180,26C,4988e685c409a55c9d0425d462de04ea903b26acdbb713d7eacc836d6fec2f14,6603537cdecc4f5576fa93022809a329cb3bd9b3a3fa7aa2831c5ead6616ee37
B1243,P1655,AI175,2026-01-22 11:37:36.951,CANCELLED,f01fed20d615bfb1395af50e6501d30d5cd0f5c31654a5bfb892674c9ab720ba,29E,196e4f578ebf2fbac2eab0b712b346b5371a64d4220a99c9cb90bf055af711a3,64a983e41bb165c038353d9d015d24ce95658884586ff47495500eabd863cf52
B1244,P1387,UK051,2025-08-18 11:37:36.951,CONFIRMED,a096da9604312585bae2f16bbe292163cc231001d4421ea0cea2460cbd47a7a5,27D,4d527aa5fce6f7b456741ba9fab0055b42e0774e1297c8794b72f542d88c44c2,4591e46319497e4eb363fce962d48e5eb4151f23b9426db8a8501852bc47ebba
B1245,P1139,6F201,2026-04-17 11:37:36.951,,158444325e6a5961f2b246310e9967f157aed4d5f6f173c85ec59324eaeab8ca,26A,f23ce517254fa0d374a0a56bf397495a5b3dd8bba82800cdea73444e61dfe9ea,5e87232d643096d82bf9a520ad8e009220676b8898d393b4d60a1fbb70c89da1
B1246,P1540,6F230,2026-04-09 11:37:36.951,CONFIRMED,0da0daebff36ffa79c7e6d9d18e839fa46452b26d7320921cccc19ce880ae953,33B,84359cf91c9c213c9440170f423517a98c3cf7422301cdd7045647af45213a3d,0c9085a4d2e24eeed7923d73e7f832995aea638ba29e80c271665a1a81409e6e
B1247,P1390,SJ138,2025-08-13 11:37:36.951,CANCELLED,29e7e007c93225f8a5e240d0f8789e31feb99b80da4984f106dc3f9120f385e1,15F,f52f3e9c5bf85b53b894c5b3c7818f95618fc25afe047ad3afc712584ef22632,4508f578e1a5060e188fd6c5a6cdffdf2ee7e76052bb734c40a2975bae8cf99c
B1248,P1269,AI246,2026-03-04 11:37:36.951,PENDING,983f6a394bfa18dcd892074686c0d0998d7359181eec8494c72a92c740c5eb48,16B,cc120d574d09c9782b0551030c9e52513f123edcb65166d06b8d036071ab95c8,57a0d7797e9aa0996b7cebbe4caeb64c9d57d27305042254783a6298d6754ee1
B1249,P1758,6F179,2025-06-06 11:37:36.951,CANCELLED,48fd39716a1b09b8013a46ceee6df87753fe3f7cd028a2fc90ffbe4e1a3db18a,26B,343e6ec9c80f884f7a852c0675b4eef5cf4408f54e6ed5597da9ead4d522fd40,82ab4fded80980632053c6358a68332fd5240e0be01dc968a21e66990744916e
B1250,P1011,6F031,2026-01-28 11:37:36.951,CANCELLED,b05acaaa26ffe2cfd7f1540caa0b6cdd669041bcf7a9f7627542d2d867b18fbd,16F,c27838c4f57e89ccfec8d6e89e827148541030f3936bb0b70efca1822e1e5029,126805b7ff133bf3b9cbaba4daa7f571776052a26404aeacf80419f8c905b076
B1251,P1866,UK015,2025-08-30 11:37:36.951,PENDING,ad3874deb14adcb7c55ed1ad0275141741910c25688c46c97e917ec4ba13363d,29A,e96d0600cbf8979f55ae33d06409be026a12225db6f675cf90e02aba0343038c,b1ede7af877d41e78a5aae7cd38f91a98b855bb5ddbab12326ad14f98d37d221
B1252,P1388,UK001,2025-04-21 11:37:36.951,CANCELLED,72295d408d5005a6471d7caa3ffddf7d7edc3a2e630f954b96b54754cfebe6f8,27C,5984c42f759333914d9a175fb508c892c17e683f06ac2239aa3610c443fd6565,f14733efffc3cc7b9bb7a798af45a14fbc55fe5d4e5b8343949215e6f5bde49f
B1253,P1336,6F133,2026-02-27 11:37:36.951,CANCELLED,ea593d2c3b9d9ab76a4a702e2105a747d3f773561532472e36e3624ba948299f,15E,3ef416ee84e57fdcacaf6212883b825d076c17cb35ef7b8952a0d69d9958f88c,a3d321d80043328111aca62bc2426833ba1bf44e20e355874546cf1657e701a8
B1254,P1505,6F143,2025-07-22 11:37:36.951,CANCELLED,47682f6856f8cd6f968a693fc5b4f7174f44f40b7efa11d9c3525e9edd080630,5D,754aa305c93f9e85123460b8e4a3d0306ca910e89d092a3d570e5744a7ff860e,86334ad11833cd3c97b0ebea205c2ef5d0945713dd1ddf23f95b872691cb3b55
B1255,P1105,UK165,2025-09-22 11:37:36.951,CANCELLED,219bef4831f829eba13ef950bb31040d50925853855124b6e147fdeaff799216,23F,62ab80f1ebe6d3db2cab12fd5565625af2c87f59000525b444e3b684609b2f9c,a239c34c3c8793b15bc5c5fa19f15ef3e73df7a54f0ac0a4b9406b3827b2b253
B1256,P1031,6F083,2025-08-10 11:37:36.951,CANCELLED,48493a1e456195504efc37245c15adf5e014422138e19c6a152b175b89eae6e8,22B,bb01551b5d0466c228fb7131c19ff4778f5e31abb155426b0fd0e83ebe1e078e,341a6496d83cef864bc2c1a164129e70374db874bec4a827cb597e57aca22e3f
B1257,P1073,AI082,2025-08-19 11:37:36.951,CANCELLED,b9d993e38146c100a794784374ec2e297cb1fb852088bf82b1e08c3f4743f23c,11C,6ba62a54f9b3d856f32b935d60bdba33329a28f28ce8d8108ea559f85a27b0f8,f0214148a73376d6b28d8c1b8cf06080bc9042a2f3e94d11cdad7dd066d093ee
B1258,P1170,AI164,2025-10-28 11:37:36.951,CANCELLED,d42f09f610f9243a5d615f5ae0bc93909893393f65af728b03bb56c0d655891a,21F,692f7dba1062e20116a25281ebdfc20fe0fd560abe5e6a9c737f358a8fec6f94,c17e1508687c61be1a3f28e7d323d899c5e477db774da0c20962bc31d3c64719
B1259,P1848,SJ155,2026-01-19 11:37:36.951,CANCELLED,4b77e15ca9a67f1445ad49750ca3e95e4f953556307d6a8d2b3f2d0bc4e30c70,31F,851729256a162bf3b6654d106b511eacf15182673bf2317d67985491b87add5a,c59fdc42b406f9f62298e9bc499657e9f79c71a098784bc0b17c1242446bdb59
B1260,P1068,AI189,2026-01-04 11:37:36.951,CANCELLED,4523ef270407c19e4f086d29234321e612e68c190279f639f1bc790d54d08b88,1D,93ed3722ba679960d9458f7940cb948ae8ed8f74d8999526b7bf79204e7624c0,8b1bfc9e95029a07f9616d5a124b895cffef52dedbe20aeaa960189717fe2043
B1261,P1812,SJ057,2025-12-21 11:37:36.951,CONFIRMED,8b12b9b6c47a74bc099d5cab1ebfa24bb47dc6dbe718b757ec605d61bb733c95,34A,513f822a069bd1068ef070e7c568b39f2f0ec4529cf3094ee508fb302c900331,d7011a4f4f319fc2b852fdef0969064da5f1fe4dafc98fa7de25fb2e3c3a5f21
B1262,P1361,SJ198,2025-05-07 11:37:36.951,CONFIRMED,93b683f45f63e7161753160421b56aa7818051e3b9e39b57e6491af9e3694512,16F,7a1d34c74a901869639e3077909d3aa6d0ec273521ca10d7ac4026f6a5265071,b39cabd286226d81917f25d721116860d17fc898ddf53e48063b99e3ea34aeb2
B1263,P1648,6F122,2026-01-03 11:37:36.951,CANCELLED,363b9fb8fce1194f32f7ea4f43e23e713f3724b8f21ec8408afde36934413c25,6C,781cab6d68814f654251e4d29ad53ebf61b9290a3da17bb48ee707c95fc1592d,d08de6dec01ef168cfbaaaf3a2553541e7d72dda916ba8cadd67a53514d7d8b2
B1264,P1432,SJ097,2026-04-15 11:37:36.951,CONFIRMED,d2eaa1f0d671e6fe921ad536c4ac241d35c79cd91442d83e8012f0dc3d9402cb,12A,08b3d1456ae4a4f773450ff0d360fb56b5a1e1494654877e8159e9686ac606a1,54dacc432cde585ac58eba2c349aa19897da19f362e5f6231ec102c5cfecd8c1
B1265,P1928,UK203,2025-08-06 11:37:36.951,PENDING,9042ffc6235420bc16844f9582e7d5fdc82f072ba166f1db543ce1b1c8521315,28F,27a0d66156d4bd3ea1ab2431a7353061ca4acc662e6a9b561acb6bf72c0a6c8d,bc9e2b7b59c84dc3acd0870eb3335e32db8f1b51da53f6b66d51d4f2af276306
B1266,P1995,UK093,2026-01-16 11:37:36.951,CONFIRMED,73908b01d924b10c68b3844ae60834c81ea6cb86ca144d7cad49b075d3f4c45b,27F,9d7136882877bec6473638a721fe31863702defd70c37d1cb1db3331032c693c,150bd82b6c2d11edce0e91cbae703778451d319073b5e68979ee273aac5248e2
B1267,P1099,AI205,2025-05-21 11:37:36.951,CANCELLED,eb44b7a5311fd8e71596b4925d7e6fbc8df8a35a38634283e5f8d904b1699a60,32A,667203ce2d2730d82695594baad3a861dbe1a32fe6d004cff7c095e000a9c537,68e8b404473e9dff745bf05bf6477c384d78d9e27d4c9390d6a50710eb6b933b
B1268,P1657,AI102,2026-01-16 11:37:36.951,INVALID,3cff8374d208d71751698ccb6dc8b34774088e29be8970311727463ad5ef5538,12A,a00c61d1f15fc91afc3460be0e27ce667c31abcd7d53d9d12cb61c6359330b3f,d03b38a5dd2cda5c863fac84dd5f1a6f0e4ff2c9f5917a9bc769c1705e2f8aca
B1269,P1008,6F046,2025-09-06 11:37:36.951,CONFIRMED,8739a392d975ad68d40e3505b336a8ecac430bc2aed3b5b6348321f6de0d3703,4C,dc2cc1bfe06d0c32c9294be0d610df08278f0a921f1d9218f0de580321f3587c,47e269c63f7f525989313a91ce6b881bc628f8e3276cf3a836e3b6d6cd38f7c6
B1270,P1573,SJ017,2025-06-02 11:37:36.951,,5cfcbbb44314e2ad5a8778bdb200f9fb146db654372473549fb07012ee96d3cd,22E,c61010d7e250ac74052a4102f91a7baa239a998fa0d5def2988005794386cb36,0780ed542031043f81b0e7b1e626f7fc6062cd2a6ec0e52acf1f8fe15413c950
B1271,P1696,6F156,2025-10-20 11:37:36.951,PENDING,d8ba4d5d252f7b48c9bd83043b496aeaac83a708891e7ebdf750da7ddc68d280,28B,7a9536434f18e7720751eec0713094cc1561ad134dde06bb86abd3f743f41d31,ab3f759669ea818914d9fb9e4aca05c9e0f4d2c55b796b460b715aa4f795c8a7
B1272,P1028,AI068,2025-07-18 11:37:36.951,PENDING,640500d978ddaa98d31fb112c1563d1f47258c81e6d0d7a162ac0537fecdd92e,19A,b6f8c4c77f375b64bea0445796be6abbb94bd23a8c1eb22f0a5d4d8baeb5daa0,a357e112cd2ce9319941de273f1ab3bf9e01338aef77a7458392d82073c1c8f3
B1273,P1892,AI150,2025-06-05 11:37:36.951,,069b2c7abe450ba5f6ba863da4de7bb0be1c05c94659d3fdafc3737d63063116,28B,103ecfaed264c8a06388e983179cf3b7bd0a0cda161d3d95e0f39b6b84515433,102149d539bc8cb9be94b22ac24e3c665c1be91de15318c814115f04912f9639
B1274,P1113,UK008,2025-10-15 11:37:36.951,PENDING,df9df1cea85fc191751add8bf025303f021ea73c73043298127f23ad838899e5,20D,54c18250621dbc1d01200f84a3e67440a552373b6c1c7c66f273936f567dc2e1,54a28a02c03fa287a71fcd56a6fcc43acaa4c9b6e54523e351b40f5878620748
B1275,P1461,6F166,2025-07-11 11:37:36.951,PENDING,d7881e02ec5c14d4da7f2f97908c12ffbf840118b6daed488ed58ba998da7649,18F,8b7cde736cd0480a6fe1163791206cc9125eaaf4567f2b93ad5101b1490b2865,5713998535364b6736ce7fe8ced5290a085ad9634a4bfd19bdf1aba9cba7f2cf
B1276,P1920,6F177,2025-07-15 11:37:36.951,CONFIRMED,00e170dec3f39461ba6e53903b1a87e14b35bb0045d7c7ee93433766342ea30c,1A,7f0c85fa631a104c475bd2ff2ebb5acc6f0020cc1f5c499a62f87ec74b3a2f18,88dd037c795c5016312efd437aeb720f5827a58168730189631d832944ae710c
B1277,P1142,AI196,2026-01-19 11:37:36.951,PENDING,142f5cb76d1edde195fade290aba8156708b312316962f5d0a3e56055eeb8f84,12E,06131ba19d44e1fac9dcfca50ef56734c1108c7091c98e385b0e81ffafc60a19,ac8a554c6a1290e01281e2fc776ca10cee3184033c408ef6eb3416f2de558cda
B1278,P1389,SJ191,2025-08-09 11:37:36.951,CONFIRMED,0003f77c12cdd762db1e56e7388f6e55d4f470dde0fd0fff165f6a225af5a1d8,5B,52118e27736bd657d3cfb27ee769d457e1eca5416cbf205ede95ab1b7260de6c,1ebcbf63ee217766147151e3d649c7233e755c68fb08ba9d2a81be28abb3819a
B1279,P1631,6F019,2025-05-10 11:37:36.951,,4190b8c35d5ceac4714eb7bccae04e43d3117777859b9a066afa24d4ab7a358b,28C,ce8bfcd04901f06aebd59a22a523baf07bea8a6ddb3333748c9871395020fb38,c64752bd7eedf777ff82c33eae79d120f5c43fbcbae6b41b39d75cee080708c0
B1280,P1681,AI226,2026-04-12 11:37:36.951,CONFIRMED,217ef94d41a61ab6813b69152cfbd41bc74aa4cc0f5b43bf31084b9f90a8aae0,33B,5114927ff25a5a96570dc06a8bf8aec1f7ad1d7c972806c850cae3de77e2109c,bc60650eac8237c9d0c16dd66170422fc8dc91151b2f71f8b7ff7f55036ca0a0
B1281,P1156,SJ207,2026-01-21 11:37:36.951,CANCELLED,348a1a78e838501bc087d402690b132808681aa324a4061ba1ad587aa40a0dd4,4A,ff6f3d983080b683875649aacc0bfc8f9bd947875b0ba96272e4f14e15c07243,d9f7ff5c757c55db90c3f613c99b10f5a911c175f3ead3d05634e7aa37290bee
B1282,P1334,AI009,2025-12-30 11:37:36.951,CANCELLED,d81e45c4922a75eafd7cccd66cf3090d7395e6f2428eba05c09fa39f4d4db8c3,8B,c8bab572daae8d1bb2818c09a3e29c61212a5e69e07ea74d1b8de1799f4cd121,5aa036e25f39d41d477b332aacb9cdc20eac4e9f5156acab627d3b0bb8125361
B1283,P1860,AI103,2025-05-08 11:37:36.951,INVALID,9ab4808a0aee5a554d381ff56321cbe1de32ec0d2bdb07d711686286906705a0,29D,f5de7bf3055c58fa709cef4944e62dc607e2920af3a86359809be6745ae1b799,124138d884a51a4961a69b2d968bb914d67c06809769ba091850a19509034ef8
B1284,P1259,SJ127,2026-02-22 11:37:36.951,CANCELLED,d6f10f5ff45f64005c91a2e9d84f106266c47ff2cc49ee2dad080dec2fd6ed92,25F,f38652e6c590ec16343dab12293873521b0ff2b68dd26387cd6607ffbe8f9b64,b98cbdd82d75886403c18d4f37d6d77348edf7fa3a82c756b491d4e63ee78314
B1285,P1081,UK188,2026-03-26 11:37:36.951,CANCELLED,1b57d26efecdc40edf4402903798fb8de4dd784962f81b55d7a5e48c0844f02e,25B,8703f68f09e35af15f326e6adc6fc663b708bf97c434d771276dd67161a08488,a4cd35d6e44b73b870119c7fe6e53ebff474c1b2a886464c8e72005df6db7d2e
B1286,P1753,6F010,2025-09-25 11:37:36.951,INVALID,59f5bf71fe37d7561f05eb4b1a9af6972df9e68eec49fa180acea12cfe16281d,33B,40182722ff6179b3ac3e2c3818313d042e2a49334764c68132160b0b1b8b9d7f,de4a7f8f06f33c18f6cb6264ca6a744c75b950eab6a41b3b471562a862a930e2
B1287,P1440,SJ098,2025-12-13 11:37:36.951,CANCELLED,665cda5ea3706bcc0ca32c7d2959902df3591c2456a0ff3e6ae508fec1030cf5,5F,63f3fde84830d730a72d6231cb0996a35035c35a299606e194d188fa2ad50b1d,4b7ea6763c0b9b9275250f2555c1718dea9a8ceaf99e914a2c34a6c05b7b5351
B1288,P1944,6F058,2025-12-11 11:37:36.951,PENDING,0a453657a8991145cbe32f1f76df08a0570cd50e031b17bc2b44db73088651e9,18C,8f2209a164d08e018d2082b3ebb05fbd99e231be12c6c4e6a36f70f82d23c93f,c69cac3a795573d80debb63263eb60ca64caeb4cf78ed01fd841f8f1ae8cd1c0
B1289,P1171,SJ030,2026-03-23 11:37:36.951,PENDING,912e5deff48e328c894dab139ca72303380d8f75d8abc97c7ea9ab4a724ad764,24F,34a84ef2fd6d669ecc8764a3b10d85a645f69c742fb253ab72e360eef540752d,2dbf62732610316d0bd7111ee722ead074cdcf4025b4086787fc389d9c93b979
B1290,P1230,UK175,2025-07-26 11:37:36.951,CANCELLED,959dbab753b9827301f1f2199c20e783c7bc6b510be6fe3ba0958148ad357305,16F,9cc2095485b9bdb390cf7fa02477e50282bf03d245bf55b341f067a27a807fe2,082e1ea8402f07d9ae78a3aa40f36d09047500c93eb31964e3df6c2fa17d6d69
B1291,P1719,SJ108,2026-04-01 11:37:36.951,PENDING,b64d80e52b6b05a4821654bf5a15b4a93a383119bf62b33e4f092198d3f2e4c2,28E,77738e9347786bd8465c898b71134c402b9378ff192b3ddc7d510be71fc1e04b,3d27b3b43f18fde6d82016817854350345d6f4f6b2b881fa1eb8ee11e5620b46
B1292,P1074,6F075,2025-08-03 11:37:36.951,CONFIRMED,ef61e9a15b7fa058cdcb16caf7ab9720db6601182780d4a470deaa62dfd33d02,7C,81d08e6cf2050d4a4aaecf9f7fd096f26dac61db36ad8646afe6adef129f9210,b17b04f4290adfe56b074de5a611168a9e4ebcb4d27ed14edebd94379090aec0
B1293,P1269,UK222,2025-08-31 11:37:36.951,CONFIRMED,aa7a8ba3800b824b2eb32963e014c1d07ca3ed3bb053694f00c0346839f9afc8,25F,5edc906e494bfa5f3357cc8191a5e39fbd23f91326fde3eccd2e2993704ad03a,cacc5bd620a813eb55cacde5e2b105b487c45f94701a8efea937924ea0feff74
B1294,P1898,6F250,2025-07-13 11:37:36.951,CANCELLED,5c1be3340e3e09ae37d729d39d179c6c77d6eb2cfdbcc79fa1c817116bb960f8,34B,fa9ce9915cbbe699149da61b43dfccdbd9e0c1df26047c8a56bceeba1d576f1d,f7c5e71129239a9cedfe8b5667e66a7d1843fa244b6c902c9e3df0a5c6ef3e73
B1295,P1625,AI096,2025-12-29 11:37:36.951,CANCELLED,0c9373278df71e25bf24ca7c6fd8aa868a1ccd4a6329eff914ab1a0ff2ed3c0c,14B,255007f37d680641d35ca1ca472a490581e6f4e86edc9c23b251389fcc8ba685,ce484175f21e9392b60a4d2eefc5a7f03489da8e239ef682f1e75174f3d41d3a
B1296,P1061,AI216,2025-12-23 11:37:36.951,CANCELLED,691c9626fab47ae57ab071d8836c3b5a4a7af7aa16dbd9a3fda00141fcaca533,1B,3ed93ab9d0e1f66072fa1d4d2402df849a1feedbbc012bb5eac670c88785336e,b5b43fa14535ad33a1c11375a4c5208b0876fc2906bd0befcb802a84d71f54aa
B1297,P1873,6F193,2026-01-23 11:37:36.951,PENDING,a7e1c411aee0eef48fe48259fe764e4575082ba99893ff74767304d64e620479,8A,000df78d0c86fe4d6fef3d58f614dc098a6eeeacb415b61df88769dbbbdf2f7f,52f7147c72fb171d4157928bbf971a0f9b67e00c0c586a1bdaf0bc16b17c329e
B1298,P1319,SJ194,2026-01-02 11:37:36.951,PENDING,f5d1b416901ecc2a9cdb5e41a18fcda3ee8437851598045b096bfbe27b9b0960,6C,88bb079c96d1c58cff957bcced476fe4a9d8a3b61acace94051d2b053d5db731,765063314e90fd019db16e481649469644b2dc08a21427d57ff886fe730fa153
B1299,P1101,SJ020,2025-09-11 11:37:36.951,CONFIRMED,9f205c3059639765c686d642af0473c9001920ac1a10ca06540adcc82316106c,16F,b677c96a6a3edb61c5ea8ace148e49f9bf8e0ed82b99fb560f3c4ebba31a856f,166ac5d20f82f8e034cc4cc54715014f9418b8bdda923438f025147adcedf216
B1300,P1428,6F070,2025-06-14 11:37:36.951,PENDING,4437ed6e1810562f1a485ad92f698682f821d62d6043b85e437cd2282f90f5e2,21C,7c1284b8bb9ae497fe29645072566ac8a4c4b2b4bc9e47d43731158a4427eb26,5324c335636161dd7c887ee54d4a7c22ca68d3791f8d0ebf3871a02eb941cadb
B1301,P1873,AI051,2025-09-03 11:37:36.951,CONFIRMED,71fc6b978e64cb415c70d1f09318dfa5c0b84000abbd268c193bd4a0e84dbfef,12A,187cb5b52fc510e0ee904c1add0e18ac0140a73b20d767248c4164cf1dc61ecf,e2b11b0f679275c295e6c433b25791dfc4af4f8b6785f86777e4d85412805a23
B1302,P1721,UK219,2025-12-27 11:37:36.951,PENDING,9d5ca609c2e118896874c0c7e485fe65402a293b9d0fb96d90373167bdd925db,3D,6c2089d6b12f749933d536ecbb8ba3060e016ec77f4760754e5561553d97bcfe,0bd795f9d07890ce986da1387b192b92e44afd0123230f70dfbd5de64b4181d3
B1303,P1953,AI235,2025-12-13 11:37:36.951,CONFIRMED,7ed0701a6a9964e4905cd1f4a5aaca561163bfb34a90732f52fa37c55867e48e,20A,a2dfd0491a75b0fac8b7fe12fc7ec1fa6f21b7d64075027a0899903b629b5eb4,36269b12a91170b3a88b0e23ab92e988e54d54ac606f6881fb2b18a8a6e287d5
B1304,P1254,6F022,2025-12-13 11:37:36.951,INVALID,d24807292258b02955c494b16a77288609e896f2fcd4234b34d83792de4a2abf,18E,7c8a5cfdb264f6551cde78b42464ac1f2b493182b421a98739eea3fabf5bad87,a141f90da26329f5a8830622261af9fb14f14e512033d39fddb1445d1235518f
B1305,P1531,SJ114,2025-09-28 11:37:36.951,PENDING,49ba46c5e75f0440225e3c35ed0823e9274a56a9f43842994b566dde445a8538,13C,56fa8d90bd8c53febe8bd3f605a6a81104fde9325b16e3ad2b39b43d076118de,c393fb281cc54a306dab32a956b741b9cb9a8cfe39663a5a4c61d3842991da7a
B1306,P1569,SJ076,2025-12-01 11:37:36.951,CONFIRMED,9b40efdd02edca7473aeb886cba65ea6c74fdb2aa98b60f806a7f3228783e7ab,30A,d0c2965662eb0044a41715cfe099ad9a6e64a0259c0caca9cbee347e47751505,1e13968b714ee01e9a64cb9f78a71f4d73e134897d0e9791c89f4e060e2d2c60
B1307,P1111,UK227,2026-01-26 11:37:36.951,PENDING,51c9538f633e0462ab84a7ea98c14e614540d1630ae6d2df61a0acde5151bcc6,32E,2ef0c745aab5fe5b5f6330c2975b35a84e6ea4e64f4c03f6c92593071063e5e4,c489962c2fdd584719385a3e01e23ba222f42dc90c0d67725d4635c88a694ede
B1308,P1984,UK135,2025-07-22 11:37:36.951,CANCELLED,497a0fa9fba2d1280cfd2f12fad59b7eb54d3afbc35d5a64bc3ed8b7aef3af7d,30D,f76e094507c71d2486555ee6b8f84993e73d975830a6f53e3f2fc53e6c8fdae6,34fec529c4013cc9142ff2abab65427af83dbe81d40f54b8fc380e455c20f77e
B1309,P1312,AI234,2025-05-06 11:37:36.951,CONFIRMED,e43563330de40c32ef1c68480d5ee3251c5c9779ca1e8928a7b73db04744be15,30F,f10fbf89f373163bdcb331266d963be6c9daaef1d241ff87821314666b16498f,3552c212ce4f0ab40be5503a02a7ca6323e9e01ec281df68288b3ccd7602d4a9
B1310,P1997,6F113,2025-08-20 11:37:36.951,PENDING,d73e460424314a38bc3d9e1ba275bba74adee5f58c8deab42c832668a923a90f,5D,575814c35b56c0ced5c3cf0057710c5dc2531130438b51a64ced74af2c9ec0f6,4fea716b35b46232ce2fb286459d76b0df47eeed226d3a7d938f82448dd7379e
B1311,P1460,SJ206,2025-11-16 11:37:36.951,PENDING,24a2dd5953d1fa34355527aeb0dd35d470d1060340cab5f2971e3030ef9f0439,9D,0aa544c8858f807222cf93a10459d71b80a92fd691eb7102a002f5cba1dfcf3e,c589bf62bb7e9486d80e14cb1bb93423520e450b616970750461f23eb7b68cc5
B1312,P1707,AI015,2026-03-29 11:37:36.951,,c4d086169a7507466fa9a0170c1ef43a998d39e8bc6fa17768c7bf6cf40a8d9d,6E,6835eff891904a7f3a53599cacc9fed64fde1ba164c4988ec35029651c8df495,78a2baca9b62dfbc46bc5fb5ef72fa84b12eb88f31ad51e572b310cb1f9dddef
B1313,P1886,6F260,2025-05-16 11:37:36.951,CANCELLED,38525d5c1f8ae9daa42012c12652dcdf4d63630a0d58eba63bc665b7a221160f,33E,ef8c55d56e4a35cee928262ddad4731132ded64d34c9b207206b7bc0108b9a94,abf7c5845cfb0ddc091fc6bb2c9d465374272e7669c38690fd138a298cd31f89
B1314,P1461,AI061,2025-04-28 11:37:36.951,CONFIRMED,cdb6154d11533ac954c23a4d154796979cc4a5b7d60f91520abc6f594fba8d88,19C,5595199c5aff51f5ffead633f9f1a9b0b4d1777e482916679ef672572175a969,4e7bef6629f8a34b91a18f50dacbd1d959d37bbcd2a40c5b0e017fd195007abf
B1315,P1864,6F237,2026-03-26 11:37:36.951,PENDING,20f9a1e0516eaf24a765a21919da90f20aad47b46ace74e6d5be7b7da9415a4c,9C,8b785b278886d2e48ab2b3c53084694a61e6967134107b2302c94f51bd615930,8bd4cf9c958e49ba67823652b3546cf924ba0058411d3edd5b416ca3d6629fda
B1316,P1091,SJ099,2026-01-06 11:37:36.951,PENDING,67689abdb8d7f1671df44d1c1b2335d3702407f3630fca8e1a76cdb3bf7b81db,27C,d5a847ad1f980581f4e3de8ed1fbfb60498df7d0019c36809765c501a3c51488,ca73255b2d47c0f7176e05c779b6563ce40e3b119af7de625a773a38876bfb8f
B1317,P1051,SJ146,2026-02-24 11:37:36.951,CANCELLED,b47a852f240a516728aaaeb14873a2927205700d95c4da048247e39dd0f1cc34,21F,a5294cd4b7ae59d2a538abd2626890dd6eee50378cf725424c14f9b294a8d70e,cbfd1dabba2769ae8a8aac522b66eb6e259ac338f923673e28e5f662431a0d78
B1318,P1804,SJ146,2025-05-23 11:37:36.951,CANCELLED,15967d729aecdf5d62e44a8158776aa5f8ecf737f558e9b1d19e37c85d2c2c46,29B,a9fd9aea7edb9521c89224804127322fe0de4090df6f7f962a128ced8fc03374,443d1daa3c4f67e8d656f72b9af59e0853a117aa5168e53e61739e04af8c5a31
B1319,P1519,6F071,2025-05-04 11:37:36.951,CONFIRMED,2f8d45159232b3190193d9f908f3dd5d182bb4dbb58182ee12406e500b62870f,4C,59eb37cba21279870e841e9ddb3ef4083381f9a03424e64f9dbe5c32352de28e,1116984bd1e6618f4069e5b849fcdc99d6bc233a56594adc701528090802ad55
B1320,P1811,6F272,2025-08-13 11:37:36.951,PENDING,2c9c503922f39989c14c6d5f58d6e6a826b54e57ab22c8a9331993a883824896,6C,6a9737cb87c9e4cee57dfb0ff1c1d625587cab582b38768e741d33104421973e,9fdbb1ace1fac0344deda8e73943ab1b0dc1a41c4ae91d60579d1fce75df3f14
B1321,P1097,SJ029,2026-02-12 11:37:36.951,PENDING,6d2700a38d548513d5d0ca91e1ac682b174cb085fb3680f46139fd0b9613d58c,13A,8291ebda2cecd1d1295594bf5e1d14996b38ce97ba02beb5ba8c2f51049ba3a2,b65ce1843543b634680a9334da2acaaf85022a64de1c49d6bac7df3adbc727f7
B1322,P1235,UK084,2025-07-27 11:37:36.951,CONFIRMED,e6f8b77cf283486d859b3a72e376eeee65d0064cdad2a37f79bc70267f948c60,6E,9a3d42e3de0aa4647db500ebd8556d0af9061101a8b2dcab26dd540c75e50891,bcfbf68a4dd2225fa0ed117f08e3d48ca20036143497755b5bc956e4bd20e6f1
B1323,P1900,SJ048,2026-02-06 11:37:36.951,CONFIRMED,1d2dd6c7e3ab38d00785c31ae05386bbb6605995875102adcc8a371c6cf869f1,14D,7abc7a74c5756c4aa487885140c7c7fbe3a92859aabc32cdc06605d07e57fdce,5fb9da0a18527e6b406d4b8b2fa3b58bb6e582bfd42be98388b2acb509f2a315
B1324,P1373,AI108,2026-02-04 11:37:36.951,CANCELLED,ff1d9f0c94ac5410586489c3245eea7af7455e922e25679dcc50c44067c3a244,33B,1bd7ee881863d45df43a3c790beffaf927ffd7019cbfc362a55c4f9bd8581f9c,fd9ec2c3eb7ecb608e101772ee4f4b216effed37cb03cf3589e1774a66f8ee4e
B1325,P1580,SJ134,2025-08-11 11:37:36.951,CANCELLED,b257d1364fcf468633589cde9eb81fe6276764a57e545f89722fac49db4f5333,3B,1df38ba5ee039d13a93c2d7da625a71b4a731491c8e44adc71b18c388869029c,2b4428272d89d9500574aabc7bc59b14889323c353b2ab6d8997d93f8b54dd0f
B1326,P1926,UK146,2025-10-31 11:37:36.951,CONFIRMED,4928a4597bf9ff72a5a3fa88ff2423bb7075bc093b51575a755d0186168290ed,14F,1b555fcf42800a8ef73ca096455a22b374d6cc61ed7664898c28e80adb456d1d,85c131a331e625f6f252b7d57834acd0936981d0e6dde2a6f5c3d1895e2c6b88
B1327,P1556,SJ036,2025-09-24 11:37:36.951,CONFIRMED,24e7d2bed5401e51e8ebe2749da434a80e5164ab1c118de30d712d266fa16b5e,26C,9a6e039efffaf8ec0f8ad45b055e5e5342d789ddf9baa14b5435b804bc7e3d0b,4ab683beebfabf05fc33098146f6ce87eedd9faeb96c0c45aed5323ef828137e
B1328,P1648,6F202,2025-11-01 11:37:36.951,PENDING,fbcc49740bee69b724038cfb0b5597ccb0b82ec9ead2b16720bd6009754116ac,33B,08be6069f21ac166ff0e6e5ac965b905cc00757b7f44eb06a4b582cabb10ccba,3767765c839dad1d63672805f5b1f113703fa9a86040aee9e226682665daf020
B1329,P1233,UK041,2026-02-13 11:37:36.951,CONFIRMED,04c2df7e3055c5ddab5a0ad2b02c6a0ecb3436439ef25ae6cb6ea152d8e6b1e4,22C,b91c099d23e8292cb24327ed6298cd92784337a24ec6e7fc9b1072f7ed760c1f,0b4555ec64d3b136fa8fc794a9b682e6877ad9ba17a62bcf1af03c8c5b09f62e
B1330,P1031,6F078,2025-12-06 11:37:36.951,CONFIRMED,7c74a634ab87bfc462069759fb332a5e466c96897bd959963f9edb2b2d2b7c3b,23A,ac00ad605ac07610ec7c420dba5c1b8895258e1a5ffa50e88fbf5bb47f2ee3af,db270a716771d581f215278f1643ad4177164437f7ea7dbaef538564ed3e1d53
B1331,P1288,AI097,2025-07-03 11:37:36.951,PENDING,7bedfb6edbc97683219eccb567679abc4ed46f84a38d9212dcd511571e87b599,22C,70aa5c7395500742c0a223d050b131c0346c78334c34417c654b9e4d360a7429,f166bf72a12091e140f98cf03bcb6583e330f1715985fd01e78e658e0f37b67b
B1332,P1637,UK159,2026-01-15 11:37:36.951,CONFIRMED,aa7917807af2a7bb98f8291f4f9bfca0a2e65893a9f63d6d4aadc64ee14320ac,7D,0c92815ffcf02e93256672a9fe32cbc4cf61186bd19f47d605e8f19718844184,c35980bb63591d6e20baf9331c1d8e38fcb3d7748afbf132d8cf36458a3f9117
B1333,P1578,UK044,2025-09-06 11:37:36.951,CANCELLED,ada839a2b3566f17b03e8a1dc6b8a6249e847b38fa9bb505c387e08941fc8649,12B,d370db075bf69be27267bb6a42b88dd29af4eb4b88e38d9b9c71f782325f0b9a,91887220400ff22c22c4dcc0d690e46577df6128cd3d8a5eb69ba0198cc072ae
B1334,P1541,6F176,2025-09-27 11:37:36.951,CANCELLED,df12b11e26da7102c9ccf76f8e59eae9736f9183884919eb689f3ce72706fe4f,6F,c31b81bd62712e862f7b5d580f67cf7fb312a61538c3e78b31c56816e9c5f07b,3f63416cc52df4567f939f2c5c6fdaf0bbd79b7612715fcf3c948bc50fa3ab90
B1335,P1113,SJ221,2026-02-11 11:37:36.951,PENDING,7758641bcfcffae1e55dbe649f9ef33c8b88d79bc2babdbb9536e3ded50a827c,4A,1d5e61f422e9dc06bda718b9a4ced94bddbd4fd384c0ef19cb29b327f91cb60f,d8167526482dd8ce8a6327bfc12ec34f91d8bc8985691a4351627855172d98b9
B1336,P1203,6F112,2025-07-03 11:37:36.951,CONFIRMED,5b7194549b8c5ab6e06833b76fcf2f62671d5bc90885002dff070c1606831c73,22A,9c7d196e155b633387656ecfa07162a18939c5ef1e75ba08434926479502b97f,3e71daa1f3187d9354f2fb83d14c6772b9f1bc816453b5a864d6bb3eb2d93ec1
B1337,P1028,6F246,2025-10-20 11:37:36.951,INVALID,1ac2ca0335d18dd35cf8da74f9c76a9da22397e6ee4bc2ccf7cd7cf2f630f08f,4C,2c18c87e1fff2eed8eb3f3890d635fba275b8510419cab25daab4167fa1ec06b,78f2e39ca2e6c5a0e2bd7c95fedbc96dfcc9ff0a1cfe69e2e4fe59ca47afa0e4
B1338,P1642,6F014,2026-02-21 11:37:36.951,CANCELLED,175731475f81e69af76659bbb90c1a11d411ad3f7cc29f996109cf5ebd5d3732,14C,5cf7c76cc9f11b0da0a5fecd3a694f1ab474437c50d2700340d343d4d09c9750,9eba1a2a662c427ce4eaab5289b0fc54b63abbd9fa7fdabee345c4bd9c52e0fb
B1339,P1473,AI237,2025-09-17 11:37:36.951,CANCELLED,d0f7fe6b13e7e6502c640dec58da60e4b01cd8f1ae844bb4d645b0c802814917,28A,c5fe3983726ecbcfcea266609b9263ef13461903b6ad3d8e1161dcf1084acdc1,81da2f8e9fe298014e366390c70a592bdf221a1a58d92c7162c14db9c2a9d910
B1340,P1696,6F003,2025-12-14 11:37:36.951,CANCELLED,ccb113f060388251508881d01ebdd156e80fe0a254da084785869dec07a8aa26,12E,f1ab682e37fb7aca60cd538a952a78b115906e8e4591e4d313ce3d65e1ade959,750579d0844b1e5ebdccdd92ab13f401b8450e94f099611a5d015efde2eb7b4f
B1341,P1252,6F249,2025-07-04 11:37:36.951,CONFIRMED,bbd80c064ee67cd3a897cbfa48e9cabf4788c98f4ad671f4478b330d22d4628a,5A,0f7118e636d9aa2381ac6a565990e478e310e2753b9869a8caa8356ea980c418,c7860ffce2b87bce0cb8b691554032a0b42dbd313c5552b13fcd456f8efac010
B1342,P1797,UK149,2025-04-29 11:37:36.951,CONFIRMED,33a3535b78b20f63ff2601a6af70e10621d94b69d7844ec1ec46dcfc3de97ea8,4A,b46ad3b14eed2a774427f27a78258ba3b0d4503fded7ec56041d90491d319c78,81cf89fc5e091f6bbca9e79689008fc5370c9dbd44e7b493a9d372162675c374
B1343,P1904,SJ163,2026-03-08 11:37:36.951,CONFIRMED,6ca5b32549694f5923a252c69398f758016fa376c6beb02a86116068943f8f3c,9F,1b7e5868d1d5bdbd905b12bf7078ff85338f9b8ff48fe00b58ef00e926c55b51,a9828a4489f9b1a1c4d45b657019f81e11bdb42e89971b49a57e0d7df85f3b18
B1344,P1921,SJ243,2026-03-28 11:37:36.951,CONFIRMED,07f0bc71fd91a31bd86aebed71ff496567cd5205eb33a364f404a24c4dedd824,1D,66a1009b1234dad2c28b6396038ce7992778929df34b44a77ecd4e3245eab17e,b700a7af32e1b0a4ce3b60595feec358d072ebb0ea63bea9fbabc71834c2797e
B1345,P1385,UK113,2025-06-06 11:37:36.951,CANCELLED,a5daf2e8f4531a6f1870b75a01a6cc68e36171c4d79f3e980b8c210b3a39de34,1A,8dc0588993c5cbdda4a724b5f44b42190cb4b93be4e8c07c9304ececa3ed31a4,bd6a71b0b06b4bf8106e5e9ec0c40e87de2e8adf21de022ee5364f8d7198c7f9
B1346,P1061,AI071,2025-06-07 11:37:36.951,PENDING,681f904ad52c424e8d850a2477dec185a37dcd8ffce5580717fab9a856e473e6,30E,4663b54ccf7a491c628b2c1e7486083880d0da827d0860572b1b10a866548fb9,c92d82e5a4fb8ba0eb98700aa014be63cd7eccf684f8e0531800fc8b01579644
B1347,P1514,6F271,2026-02-07 11:37:36.951,PENDING,00a66261287c6861c29bcc4dd2e8bf6119b35af4dd906b0e02d9cf3a7b401e87,22A,dc2a1dbc0110472d2310a87ead6cdd4933c6088e11c5462ccada81913afdf55e,b79a262071a3b238abfdef1ad6073462e6d611be6247cf6c746f92d731fa7816
B1348,P1429,SJ015,2025-06-05 11:37:36.951,CANCELLED,5f301b0ba7ccb4f5738f6cd33c6d0b2c7317fd7c3bb93d3f0d099f2a1e12f612,27E,987d3eb5e0dc0b39e06e78e432c21747dd31ac862e7f4dde19990e2aabb10b91,7eaa9e55b3f4e09befafac0c0bd60e7a049e11e3b9ad12c69069e674021da360
B1349,P1579,UK047,2025-11-19 11:37:36.951,CANCELLED,5d8d4baffff6be8414db7b2caf6bc05ebff1c4e3d4334038b11d1196b1e0275b,9E,d69976615c871c4f28dbf6ed257abbcda32bce71f73b1a36aa0dbd9134c04c74,f1d3bab593b3d152524164fef3840439abc2fda10a5a0da11644e4189428cccb
B1350,P1536,UK020,2026-02-04 11:37:36.951,PENDING,e9f08ab11a79a0f14f5d1d8e071eb58e712b4870a962ab4c5ca49161860eac15,12A,f384e8b62c6ec912251b47d6ca00a99947d43a0744c7dfec12fb8b154b2f2f68,dd655e480b51e8b0ac7ba9ad6db43614fd4da294f993b4f53b7a4544117fd24a
B1351,P1690,AI122,2025-09-03 11:37:36.951,PENDING,402773efa149b4a3f2a468baf0a1c832beaeec21485bee3a174e31a16e4f767d,27F,5a1b783e7556168755bfce2ea74ec09babf4740874ade228a07aaf54db288ace,ad40d4f5cfaab2e19e5ea5487a71af19afbede2d840ee44634b72ef4fa8318cf
B1352,P1140,UK223,2025-10-20 11:37:36.951,CANCELLED,0eb08a05c60b48134eae17ed7fca666eab6249948fa4a701d51d07f5ba71294a,17D,afe7e1454acfd3ff054e6154db1caffcc4110c5d0fd7e4f6587fe96d4162f178,f8a89e03107b6f3bd7930a9bc58c585d34163d5d5a8525e7dff7ccf5ff7b89bc
B1353,P1742,6F148,2025-09-19 11:37:36.951,CANCELLED,b96ce92d3c9770668eaef00fb8b8e5df7817bea490d7bba6851fbbda8f7e7c56,15F,8e51e74752170cf6a56af60064b8184a8930673d363672da056d1315fe95c821,7ff4886c774607687c3f146b84ceed85e91b20b214306ea79965d29a5945d8fa
B1354,P1299,SJ162,2025-12-14 11:37:36.951,CONFIRMED,9a64abfcb02a5ab892fa24ebbc403e7b96287406ee00575526b1d71821175b1d,34A,f0cf7297ebecc2315450d4f27e0284326780629d427b63689d0fc80c1fc794ee,1077bb90b0184d2325da979010d84c9112473505a47fd2789cfbb828392cbb16
B1355,P1674,6F127,2026-03-30 11:37:36.951,CONFIRMED,7702c0c7d09e733d6ed8369eb00b7a2680f036a1ff4499871e17962598bf821a,28B,d338a5af0120c3b5bc991bf594917e496467155de6785c8a7194efa9c0e28482,b4228c9a7befeeeff2e05198ea1dffbb65c322f58f79f5067f72c4212451524c
B1356,P1310,AI173,2025-11-10 11:37:36.951,PENDING,a0048b680a0c3213e7ca8f7ccbf01ad861c403450bdcdd4e9301a4602d888f57,11F,e70370e27409960252d31c811b731c0b369d71567e823ddcdb795e9da5a207a5,15d234df07c2be4c916deb68dc0cc45d05779e470ed929c17e8e4959c8b0b81d
B1357,P1470,6F065,2026-02-05 11:37:36.951,,cc05021b7e48085054d6106c06099d15d7edc4630145411925a915fefe64d2e7,14A,87b254ec0041b47c38a24dc41b3581af2e830599976619b7b53ab717e63d0aa5,c55df17ad09cdb1441639e3d65232b6060fb8c1e0b17fae78726b49626260f54
B1358,P1392,AI053,2025-06-22 11:37:36.951,PENDING,44a787f5c7f3c707a9b794379b9830fd20c3bdaaa83e25925537e8eed3bc9d97,20A,92e678bd60378605397df6794e3f3b84c3fd6c9e1c4e73c8295959fe6abc568d,d9f526acafa720b624c7107e8dbd0230ac492ecf45973fab92ea8e5e1a0a82e7
B1359,P1641,AI241,2025-10-22 11:37:36.951,CONFIRMED,0df3c26c1d9a164988f5fcd5f08d0ddd693186b4877098fbd706dd030d061aa5,14E,932ff15fb1296087f1d8c0d02959faae431eccd0a96ec4360fbab2a7455d2051,c216034227e6c6f25efda2f9b939f98f89a9690acd0c3f01ad6d88b56db47da4
B1360,P1444,AI105,2025-06-15 11:37:36.951,,56d5d91c069771eca6d0234a5a7198c8fdc8498c26f92fcb4e8b0b4290e91bbd,18D,c3c0087fa488af797071f04950ce6c292f302f33b08c3feb270c3fd32bf4be26,565c65698383f2a6c1a09a281efbc2ff8a9c935fd5f69e31ccd15fece334dd1d
B1361,P1757,AI110,2025-08-24 11:37:36.951,PENDING,405df91caeda8214889c7a03b99f3557218a1453b7efd0a8f52755a041c992ed,13F,4f0369a1acd66290082c82670322b5f0cebee2bbdd1bff4a9c802d9e75e66040,11f3fb534d8088affe175dbd99788e5f0aa78e5aa1599619740f52215e0cce77
B1362,P1808,AI252,2025-10-22 11:37:36.951,CONFIRMED,6e90791109cf2a1022a0cf817aad200bc95d12b496397e7119237265a90e8ede,15B,2719c38a5638a29cd8d682af28da53e1c58d0c26803502d8405238e0a395ec34,8f24c480101b661f1df8a5f9a2e5cafb8379b6f28e3f703a8081baea3336df57
B1363,P1171,AI149,2025-12-14 11:37:36.951,CANCELLED,fa04490151f10a1a32a7326f2425fa617138a4f9bd77a134063c040f646859b8,3B,ab7a8b6214b39b3cac28cf9083cd37629fc8ea7c0920356bb029cdbc7cadc301,6395ed3ce6f37e419420f5226149494790f5c9febb3abddb4d7d80c7c8264e47
B1364,P1575,AI224,2025-09-09 11:37:36.951,PENDING,47ce1895315db10dd00a7075624a90c5ac77c02679decb1189750979749bf546,23F,d022a85cc209f41bc1259d671d767ee3087b3ca3a2cb57e02b8de41303533507,06f1f663847e52b90443e1648cc34ab2955453a3315d883f5004891ba3eb625a
B1365,P1030,UK158,2025-07-03 11:37:36.951,CANCELLED,a33cfeaddf4ae4d645f159f65b9591682c8b1883536787c062fd95a25ab410d7,15B,fbfa41e2a0b90b9fedd6d192f6c554f514e265682b332071b41ea52e1d19d734,73d4c57567961e6af62dd71374e17cbd8e651a33d466b82141b3b8a4d6ec80d3
B1366,P1046,6F125,2025-05-05 11:37:36.951,CANCELLED,1c3ba54320320a7a716edcbec2d7d8f9ad38ff08acdf2b31b343dff3c3065aa4,25E,77732422c2aa292062664b2dba6d9c574ecb5cae3c3f9c12b1b256f4853553b4,843b1d45cf735bbcaa09100b27478b011d5742f5fd29347578bbee328f75c917
B1367,P1129,UK164,2025-12-14 11:37:36.951,CONFIRMED,df2ef55a7363268de57571697d6b835f839dfecfdf6d55d5bb3eea17d59ddd00,18A,f91bb4ea329b6a88ced75a5a4e49fabdcb5934a5466fac76591e6b52926f3117,0927bebc5d55f43aa2c84dee2d75782c81336462e4853cccaf58b932efe09a7a
B1368,P1351,UK007,2025-12-26 11:37:36.951,CANCELLED,da7d5e0922b2c7c8c28e617b5cdadf4e78ef81f2d731e0cf0fac8ba260256129,1E,af4bcd93a1a1bf85198120327489be68eefefee8133ca49538e41b4b250c0c10,4a81d767dfdcfa6e8b2de4d811bca5dcea6c00eba1b2719b08b4803947fe4c61
B1369,P1977,6F118,2026-03-18 11:37:36.951,PENDING,b1b564b8900a1215896719fdae9189077dd1162c13996e62133a0881d4aa3e58,15F,7cf21a360829a27cf019d82ce9162d8e22d1b5c18bb422862fdae0ef78d7baa8,cd4d467276d82ff20501ae17b73e5ccaab958f839e23976006730d0b8ec70864
B1370,P1844,SJ004,2026-01-01 11:37:36.951,CANCELLED,fbbfedb409ce20aa2a9221d740666192579e91ccb4e9d1feb16b26b69e151179,19C,775164101ee24c4815e46a69bb440a52073f0bed6f3e26ae5acc6f76a711dfcf,6ce43ba7d8bc548867ec5235c97cfb571c1ea69253ddcfb60f55cd1df2c09e6d
B1371,P1621,6F206,2025-09-25 11:37:36.951,CANCELLED,ab673c268b0b6bb4a7fd3b104bfc83012467f1e5b62b68b6fe629fc0923afaf7,15E,159152af05812b039078be6637067cfa2cb5d759cd3524a4ce9428a5b7457eee,5605246289fff0377b6bf9004a80e1b41df8d2e314ad9ed994205efd01cba3d8
B1372,P1580,SJ130,2025-05-11 11:37:36.951,CANCELLED,e5683d8f5cd99f2f9887e861da47efc71e61700fa21e46d7ce635fc87acb0084,11D,de6d81c9261c84542485dba3c2841540a0e644f2ca165eaa6e2819202687fc51,022a6adc04ed24eaa234ff1ce4f26d208d4c42c994d07bbafc33e1af50321f02
B1373,P1057,SJ070,2026-02-14 11:37:36.951,CANCELLED,5d66ccfa715a8a84e66e1686dff3372330d4e5ae29d53685980bed018dba27b3,22F,18bca243347980f6ab8bbbd446218acb4d76fd26327aac0bb92f19ba840356ee,512ceaff0992b601351650baed53d3e046ed974531ec7b6aa2a954a87de2789f
B1374,P1105,AI085,2025-04-24 11:37:36.951,CANCELLED,e19337a471ceaf82a3edcf2fe3add431ce42be6616da8307dd234f3e0dcd85d8,7F,93a93e6dbe451d48d33c583a28db56c40eaf7c796512f93dd3cb72644b5befce,e05992a8656690745968084c6a591d99ac59c7f1be82cf21e967f4507a0845dc
B1375,P1811,SJ109,2025-09-02 11:37:36.951,CONFIRMED,2b1f5483a4cc78927354fcf1efd9937032c1ca229a01231ad347559d71b5f66c,15B,17b8bea7dc92b18e499bb31fa65ce676c93cbfb82b8945595eeb6c80049064e8,7ef46bf431cf56e5071af67ccfff1f79070cd184990bcbe3e792763090f54b52
B1376,P1329,AI168,2025-08-24 11:37:36.951,PENDING,272f505c37ab1597644a8b702fd0667ea6cf5e951bf84aabd2acf885ad628036,16B,6ece7c13253ed9cf293febc2cdd3b4d13e2b3a5cdf22fbc90c53b0ae9a818245,797d91c466a5dc4a682ee86a49e2e72c4bf583315e04aac7e3756424ffbad3bf
B1377,P1767,UK123,2025-10-24 11:37:36.951,CONFIRMED,f9036ada771a2986538540e69ed66cab9fabf004d38451555f0fa735956ef1e6,26A,60d72bfa6c968a0b17eec5a080e3870d5e401529062d28f755bba95a060ead58,fba686e893e0716222587f69d0c08eac849672517b7e95c450d12182fb28e53a
B1378,P1823,UK110,2026-01-16 11:37:36.951,PENDING,f585a0af8cdadab5c0d506a03bab6433eb4c43b704d8a6e1fe81343026089724,30D,e08e579ab3edb388c7af760d153b91371f0584882371b072ef9d38cdfbc83506,42fb1e7710f03e58dfcf7b8bd6ed589b913523d8eb2ca87bb7da89a5465e2e8b
B1379,P1682,AI206,2025-11-02 11:37:36.951,PENDING,75e6b8e20c4beb48c4a8819f8a3a309f0a8d8d12feb4de568e2362c15ab7cf9c,31C,bfdb2ed278b8d453780eb5b4c2832ab853d28f3935d2a872b42caf7e7a3661cf,a852e807690f2627e4808ea8195ed10d349fd3b41d9b4f45282a2c6e7b299905
B1380,P1382,6F007,2026-04-16 11:37:36.951,PENDING,5850503d1da37199d02407b7c674a7ed82a1ac5b43a13b571904ebe7fee7150d,6B,a8b9adf2484535fb1a90052aa3372cdfda23a946ffd165771604b9805b4a8b8d,c0be665871cc4e134e1e37448b940939d165156b0caf851624d8a2407f2545fd
B1381,P1984,SJ013,2025-11-11 11:37:36.951,PENDING,25d8d806736c98185b1b965eebb464c65d25fd29ed46891bce1a7bc4983214c0,33A,a95fc81d46e971dbe6ad7f707d0f7020cd12af5c28dbd258a9b507c742768029,c3c15941d2971c184f4beebbd236f2f693fe3d30cfbbfcd53208cf3e6d198df9
B1382,P1161,UK061,2025-09-19 11:37:36.951,PENDING,664c32a013817b374e7372a993eced6a0bdfbb5ee574870568ae1657524c1bfe,20D,01a9178ee78218ab3025bb4d911ba69825bde2f389aa429e9b41123cb760c25f,5285014d2d9a01d19e1d00c2e2393e927cabd2775909da712f0a5f8a7d34c2a3
B1383,P1996,AI010,2025-09-24 11:37:36.951,CANCELLED,9f2376bf007e0326e5bbb9d721c3fbd4950769d8045e8ce6b8164816c49a3ba5,8C,12e40efedd1e0f0789af50cb660035cde5ea1e05da08da9b60e9e9d0b125a55e,939da8c31c13cc724edd1e00096a321e2eddbab7ac64dac3aed8e551f74b5f59
B1384,P1285,AI024,2025-05-16 11:37:36.951,CONFIRMED,8acc935278d46678bcc065830cd44ecb579665da48d91c77b0b1ea897aee2719,11D,ec1729e7f9c588a3c52f91490b30e13a18cac0a8ed56be545ab9e6f31c78b19a,fe3c41336ea1638b332bc1260003b89737b3f247b13a2394b65de0861d25135e
B1385,P1070,UK130,2025-06-08 11:37:36.951,CONFIRMED,352af516850369165f07fce32b4285c5824ebb0556d76cb600cf96b464455446,30B,9b1da1bd93a9bdb26d6cc1e4f21b460d08b2ba38a0f8c78fe1eafbfe71e27de8,651783028eccd7a8324e76b617d740160a3eee4664c6cfd7ee032f2e8dc2be23
B1386,P1766,AI161,2026-03-12 11:37:36.951,CANCELLED,25b94b35c22556924a58853b8a3cb666a4f30b11e2ff269bcb25508f4a4710f4,10A,f93ca7b51c9bfc6735cee3e2a4c21b3da28c50b8c051e676bf6f209bf817fbb8,5307b91a0378ca4a71d1daff230533a1f58122ed73dde2c0bce306231a2a345f
B1387,P1453,SJ208,2025-07-23 11:37:36.951,PENDING,fe741fa0d15aada3829fb87473872a94eda8df1fd1cf1345543287327d265c96,24F,a79cddaa9f51cf1f2595f2940e9d032873103394562be96a02bca52aa428e9bb,ca0ffd0f71c84052b187eba01fad6825e80657cb5e740013598419bcbaa6876f
B1388,P1885,6F038,2025-09-23 11:37:36.951,INVALID,ee46e55ce141f0e71d61ff20663bb7a07e80c0c969bed8d19024b0efcc1e0b8f,8D,7e22a94066685fad80fe759f84af58b82be0389ad4235dd3cf1b434c4f3ca94c,c9c94a9556e5e3712930e85629b42cf94f1d5973d3f987a9b6202e7bcdcb3dc6
B1389,P1566,6F085,2026-02-22 11:37:36.951,,5b0337f649c4d44e756d6b02297263536c7938466839efb2aeaf8a1420cd18ba,30D,8c168002f562f8af804cc23cbc9fb7243ee81a116629b407c1efcbc3d285ab65,e7b5f3be7bcd5ad514d4084b145e40596c8e19a985fbf9cca6cb198ce6fe4626
B1390,P1834,SJ028,2026-03-09 11:37:36.951,CANCELLED,e90f78cf72157732a18b624bba25f10f8c8324551191e4d519dc20134942cc33,8C,ed8ed7543a8924b282f739119ebc45ba234b8eac9c3ecef892ad18d2f2b725aa,ad313a2feb6fb6a57908417b64d78491543d9fbcbfb604cba0441f91174209e3
B1391,P1396,SJ084,2025-11-26 11:37:36.951,CONFIRMED,6c66927b488f66868f9db78514715ed03968fc6942566ebedff26b4c2c592596,21F,993c2bfc6e65c4ba8bdc44e9d0a4a2dab47efbbabcd71039029087e19cfde7fd,68d981e9f7b50f6813b3d619edd8c41a0108eeae756a0c5cac95111f2bb69dcd
B1392,P1514,AI139,2026-03-27 11:37:36.951,CONFIRMED,c6aed61e810837f7174917dc8e20eb2be69893004ea7d779690f1f187c065181,21D,a3379ba7d24fbc6a24e1b1050ae05e1b51533283f4834080e1530539e967b4b2,38d8dcc83cbcf926eac48ec668a7361c997705fae563526c1fc65508482207ab
B1393,P1025,UK179,2026-04-06 11:37:36.951,PENDING,b07a839f0d71b0e6a80975cb0e5955c9fd33438e666270a6ac64007ae89f04fd,26E,067bbad8c3ea49b9b276a609ac4f1dc16b030b3cfe88df46786215effb9abeb7,ab04e95fd5d7161a7970d61b625aa05d44669604bf7a3dde73da31e8ec397f7a
B1394,P1312,6F256,2025-07-23 11:37:36.951,PENDING,b20bdee61b6bbccbde4dc1a61c1110bae77045145b99c724c3070a21236a5def,23F,63e566b4e3b4893b65969f158b57aca50ab24b584d0f74fb7e96a0e8dac375e4,54becc0291835f88e75a7c20b3c4b09c0b67078b1b17d9b4ecf055024a2b80f0
B1395,P1125,UK023,2026-02-10 11:37:36.951,INVALID,d7357156a6e404a6182fbc282cb69189c02b3574fc565f28d26a8f1ed7aa1f64,23B,7a69b749e72a7ae66ef184b934a30f7793149dbbe5674f8f579be8960068f580,8cf7d5dad20d53369ce15f98ac574cd408c2285120e119315abe9cf4b39bfebd
B1396,P1407,AI039,2025-08-03 11:37:36.951,,2535e1ec2a432b45bf33457a8a7d863b69d14e944a58f4239364f4198e5680f3,13E,d1209f5666b3c77ed861d5b5784df2d7636129d42baea8eabb884bd46d7fa9ac,77717231923e51ac48c5c7af408fe554a0607f7fef3da8f3c365b82c54116013
B1397,P1564,UK190,2026-02-05 11:37:36.951,CANCELLED,32f6bf49dcd7f3a3a4fc0cd24d2422a78935b5da4e9a8a992f29be41a1aa43a1,28D,363f7cdec13040c00742ea58cadb1bc477efe5952f7fb2985930d612391cef80,b913720685c8973f3195b6d0014d11d46e0078d51edc7967243ad97a3f993ab7
B1398,P1197,6F224,2026-02-04 11:37:36.951,PENDING,08af2eb8f4257835b69491e9252b7bb40f90b7191f376d62d0d232b0ac677538,3E,456548bb0810eec4174eda7ebdd316fe7b24df5cdda5aa8c552bd0486b9bb90b,dd31f3c2d5ababff631a375016f41cf79cb8bc76cf38a66fc43a1b24fa420351
B1399,P1810,UK221,2025-05-31 11:37:36.951,PENDING,ba0a84be81a24a6c1740e4700ed8bd43191f7c9ae4f3c7f326a69a13e66069e4,7A,573797de6dc3d36f0b59801c8a21a7a9b06ff8cf22917b004b4d779fbecfd29a,e83cf7ac1b4e73432659b04b14f9fce81a5ee724f1d34050deb16fc5924404f4
B1400,P1187,SJ107,2026-04-02 11:37:36.951,CANCELLED,b5e87d4c746853271443049845b13b02adedb7ade30fb78d112f4831f33e1a90,12F,9b87e38ef1fffb7e65f0a23bc99428e2964e955e1f6ab5ca7ffea904dfc3dcb7,e5b419b9cf53b523e07c873c8064f885888d40c5c154a3b3b08c340903582834
B1401,P1697,UK155,2025-04-20 11:37:36.951,,f7aa5a0c885017eaef8b46bd0a938c2ef396e639fa1d9c53b82b3ffead2531a0,21D,5a288c9a2f928b5bc610ef456c7d6e8327d850b440926f7bde450b9eefcccd71,d9cbe26507db5eaf711bb2d93cb4371d9e73b58ebd36f4652e85ae58b710cfef
B1402,P1816,UK183,2026-03-21 11:37:36.951,CANCELLED,d7a7d31cb5c9471ab310f2a048aa4a1216f6e1acbde1d49fd81155ae6ee65db2,7E,095fb6e47b1b4c75f8f10a45027c05ebfc7c68e291af358c727170f2cc958a58,2d3a8747aa100bd8f9c8e20ae7d0a808e4b9019096e81ba47b631b0acc2a81f6
B1403,P1809,SJ203,2025-05-08 11:37:36.951,PENDING,886ca7c450f6feb23a9c9d3ecea656a593c421c676642c149045b150b9971f65,26A,efda70bb32f8420ef5b565ea22455f14979c07d7326b9a43202a4f34e32abc66,886880c4a10221251242c511cb0dc8d61c409b39a8d5709bcf148e65216d061c
B1404,P1715,6F253,2026-03-07 11:37:36.951,INVALID,aba6403bcdd7e47152d3137e8e9d01dd4e802c4c98013cea97555fd1df01022b,16A,6a7b41ce6216ecb4d2ffc0b35d35580bc5f7fc8a3e2ca38dfacbd15b4b9f2d0f,e5b1e2dace4c674f68a9c8a761a3d692787065636a6712e6748852fae6f3250b
B1405,P1483,AI100,2025-08-26 11:37:36.951,PENDING,3e464b814eac09b31a5d558cd29395d79e1897f8b13294c3d5fa871e16c8719a,32F,15c03637885bfea596607ffbd841527147b6b6d30553e5dcaf8afb201d9ceaed,aefbd72df693b6b664e715c9235da736d6047508062428774bb376649e7b297e
B1406,P1449,6F140,2025-06-24 11:37:36.951,CONFIRMED,ad101d350a5ddb9ea6344cc2bfebf927246587e8790b3da5f371e46e7d112f54,15D,b33e4ff6248ccc388a74bcc8a5963116547ef34b7a92016f3ab1f7f073b6e1cd,db488f98f5c2462797d3b5c46bce09093f1dd69648dd4983d77a1ad1c5726a97
B1407,P1522,UK048,2025-08-26 11:37:36.951,CONFIRMED,9826ff0c1804bc8c8676ace0f2df8ad028d0078ec33d0168d7e90243c1c85755,25A,a943d0ac45698e80dd7f18b47f085e2877c3f29bcdc5a2b8dbb2d449e26211a0,d862f4f0125dc2b4f674d7b970e2cbaafc8d846a9c52bd37576e53afc54798b3
B1408,P1870,SJ204,2025-07-29 11:37:36.951,CONFIRMED,4bcb9e78bb4742fef5d5bfd6cda8883f33469bb874c8e61f78879ee57736498a,12F,dc646af84489ac5f68f682691df5fb195472ae6bfb7b35e822e1660a636f8103,16199f2c410c6caa6f8ad8732b5381ad8f39a5efc37a653f326ad771eb352bb2
B1409,P1353,UK105,2026-03-24 11:37:36.951,CONFIRMED,a3dd6179270a3c9c0da0f407162e6f9284f912d7574b1a511918cb815fa45548,28C,39a1246c282d57efc1aefa4c987503b79f5cdea4135242b7b0d71751b928365f,31e98535def7ca2201adac20dcca2940abfb843fb8fa2eccb26d225599139d43
B1410,P1985,AI098,2026-04-13 11:37:36.951,CONFIRMED,1b2f7dacd2d50b2a87e7673d3bf9b5b9836c55477df1e7c50cd1435bd9114a59,32C,7d5f1a9f2a88bf1f8c30c51634d1bc82329cca97a85108c473a8dfb4a068de15,5ddcb0de316dbb7becc8903a307e62c69a40a48a60af3576b0f9e8ad4a83f6cf
B1411,P1657,6F013,2025-10-12 11:37:36.951,CANCELLED,eb06f8b0987eb961c13e75337c29ec88ee312db3db85c2377f82369562812a05,1A,894bf7b28a8bf5cbcbdd58daf1713f38c8a9e481d2cb5db65045fbe637d7a0fc,f26c785282b97de594a8515f0ad47e011c16fc3aae0d4eb210fbc9cd7325e288
B1412,P1596,6F128,2025-11-18 11:37:36.951,CANCELLED,f09ecfe022259ccb65b245d8ee19248b438c14f937495d48ee7be55f1eef3f1f,28E,7ca1087299fff3ee85f065f92d4813bb7c5fd0ac69ebdbebdbbf9c59e412c2b5,42d9e752e87e391d1e232d48024df6421d6e8d1ffcbbc37d90fbb65e18e4de3b
B1413,P1099,SJ038,2025-10-05 11:37:36.951,,65110ab0608c5a431fe01e94bb0b837fa493a9244cd9317bff0400fc6724020e,14A,c506ece81bd0375899d8d2f1cc528490872ed97755de1386477a12146cba650c,f524f1a7468e42bd0637f1d900db828dc81d54e1503288a6163623d65ee2e4ab
B1414,P1615,SJ182,2026-01-07 11:37:36.951,CONFIRMED,b7d4741a357479899d235b691838cd5f00c8a80ab850f89999571b4f916c769c,25F,61e9c63fb7496ef464f26dcd26fc6ba9e4b0219e5790fb33199192157f716fc8,004af42bac3e931fc11d20b2a0fbee0e3e69a38a297fd9680cd6b2a43c420e2a
B1415,P1947,6F199,2026-03-22 11:37:36.951,PENDING,20e9b755ab54b245b7a34f977d71c76cb9fd5962d2c5f396b56291e693829159,23B,6debfd2148dee667e4b0272f039d17101fe27f2cf1942fbe77080442a9fc8770,9e07046e3cb9ab49a24ce8f6756d87a4cc1cd369db92cdab5e133db009ce1be9
B1416,P1557,SJ187,2025-08-17 11:37:36.951,CANCELLED,ba26634eb12f352507d6b56f63df26106d8fd258e9060242f50f29ab067c2b6e,20B,025d09507b9c301d312f22ce10316b32b71ac08afcf434e6a6834b31299db9ba,43c45c340e2453ec2d54993657c6f663b0887007a48702eeb1227fb72ec96cd6
B1417,P1555,AI182,2025-08-18 11:37:36.951,PENDING,b52bc04c66a4a4571290f9a7312098b898f9378e6d842629c98197c3023c26f2,8E,513c6a561c80806160cacec537ab8cd8c68104eac008683451bcea00036d89a7,a6ef8658c78109374b9d7170fac7487a3854e807075dc364f07863c09904a648
B1418,P1277,SJ027,2025-05-04 11:37:36.951,PENDING,01c32390eaf548963758a5e29ff5022b2a8cc0383dbc929615cc72af611f5415,19D,6e04fe0e09c80264442208f6a9489c62eeebe0c9c0c7051dad72f9af091c0de9,b899dbaddab10a3555626b79da45be4c0b35558bcbbba6a14d5273d94c55663c
B1419,P1692,SJ062,2026-01-20 11:37:36.951,CONFIRMED,4b5851018e8e67a8419dd336a90fe12e57f83c8e6a98cae19687fc8fc5fd9b58,20E,2eaa91e1ad2e3fb413c8b0cba32142e205ccbb8c452549d37111c3435b0e2e82,e57f8826bae671965b117ce1414488e96cf7b42be01cc0f782ec6682f3ef09ae
B1420,P1698,SJ161,2026-02-24 11:37:36.951,CONFIRMED,8372df661f86a9653065700c75a4a35c54a24585c4efe165c29fd9a6cd7608bd,27B,56945d1564802fb185cbd9bcc8196c8de91dcdf3829342d12460d282f29fc4e7,0d2c352f6f31fb28d627ce9b4331db5735310643e5e161645d8db78c6a096f77
B1421,P1989,UK058,2025-10-03 11:37:36.951,,443ce9a73da46a9c06701b7c62d21e325d6e411ee044c8c8449b86ef3ad318b9,23C,68dd86c347c07befcbb82982c8a54f6a9830bec1af7b9b5818e53f559145c459,90e02ccfe6e8db27ab75bd6dd5025c467f1a82f52f8caf799cf03d297d07b525
B1422,P1625,AI181,2026-01-04 11:37:36.951,CANCELLED,a5f3594f96ff89990f4d309d5a31b55e007d977b2a722d81a86394dbe0c6938e,12D,020f8aa478bdf735327aadda09d9af7ba9f769f386602192697161b0417d3152,a412a3e6da838cd16a7fcc42c0bdee4180c0141f63db057551879d0766f8dc2c
B1423,P1490,AI003,2025-06-12 11:37:36.951,CONFIRMED,57dfd94bd4ef351963262b963388262b44d7d4128d1178b4a321f7c2e522c58a,14A,62fd1eb7c9b50b620d3c636620555f3b9c7929238024839a14928179d611c15e,bbb1e10923c7bc0ce075b35f7f0dc95d18cff867fe466e9b84373296eb901410
B1424,P1254,6F150,2025-11-05 11:37:36.951,CANCELLED,8e94a2d9289a3a84f38f97894fc8f0c599af11eb7a160e956a0e4568e14228a5,11D,11e85ff650c3f6ffb6bc065032c56cc4a9f1ea906f89be03ca7a493325293309,a192ef7da7363dd1a35f4a7e6fa561ad67168838406f68c542ba34c88580933a
B1425,P1380,SJ175,2025-06-28 11:37:36.951,CANCELLED,2c11e289f300ae6c8a52ef1bcfb70920916d843946e22100597cf0caee12f129,34E,fb7f00b31cdc917f544168a70110de9ec603e66fc96207f84577e25671279c49,cc77d2c31ebfef0fe1310eb6d21a8b5a689f2c688c39e19d74c07bd16bfc36f7
B1426,P1891,6F041,2025-12-15 11:37:36.951,CANCELLED,d5fe3b72f50b2828af4973d0e174278691596aa02f12b291d6e86e78afbcdf44,17C,b97afb3a772eaa5f2c9c933917bcde5104cab015092006b68a640936a608c355,58822f7ac1965419b96c07ca87f74ea03b5817d4e28c24192feb50d1c9852d15
B1427,P1541,SJ040,2026-04-15 11:37:36.951,CANCELLED,6c6500f7f00865d63c4623efb2558c178bf5b71e8d3fd29ad14000e1700efafa,16E,fd3ca5111b17e3ecc2d21fc48f854a18a471d02d091e5d9ba370f5ed70b7d0fa,b38a98dc7a107093fc9cef2234e6e81c64b3b85c2e49cb947cea4cd7052a1775
B1428,P1263,6F020,2025-06-17 11:37:36.951,CONFIRMED,ea17837d5f417ba66f5d7a7aba2f094df5f7d00035b90a6f06929a1812ebe13a,27C,3d1570a666a916a270a7c2d3a177f99bd2f8415f7d6f3170afedabeaf14c66ba,fc0047832fb042ad350f91b813976049eee3661a03a6765c634bab70ce356af5
B1429,P1609,AI248,2025-05-08 11:37:36.951,CANCELLED,48c21d848f29f5344a1057c36baff6bee4c26d8a3738ac092f404080959f78ce,27B,6679473cca1606e85aeabe9b9f052a2daf47d9febdaf34b516ce0bbea023494c,a5f11351476f818f0d21c2e019f2ac68b0b7bef4f1984e60c1c7b3bb53f85c1f
B1430,P1824,SJ016,2026-02-08 11:37:36.951,CONFIRMED,66838d17d0c3dee938b6dc3f9a4aa777914372c460851a39a9cc8431f460ce02,11A,ca559aac64f928f37b41595c2179fcd73afba347bdc6e25ce0d50bc7297e206c,bff2a3558c7e3675b477ab299321eea9f74b1eec7cd0b3c357a9bfc736f20bc8
B1431,P1878,UK204,2025-11-21 11:37:36.951,CONFIRMED,134432d491a3b0e75f0b312c1ea08dab5e900b5a8ef3521be2aef4ac59a031a0,31C,c7439e15e3f40588bca7c54ddc5315b96b783999874dd4f14d1500bfaeb40db2,9bb8ce213d3319b8c6a24c68e20b215cea6b7709abcf9c73570010f919b08543
B1432,P1328,6F211,2025-09-02 11:37:36.951,CANCELLED,446bc6a2a65e4cd45c81f6c771cf1e1fd2956cb2587e7e26057f8dd2355f7cc6,9B,f376f000256f34566c7e8b4894b7060aaaefdeb69f279dd66d2007e91a3df6d6,dbd601b6924542d801919fef8fd1c57166936e495bc2c380a0cb82cb08ac5aa0
B1433,P1114,SJ166,2025-05-07 11:37:36.951,CONFIRMED,32791dabb82b4393c2fd3cfe70e6006a7e4288214c4910f40677d179914b5dc5,5B,972f3479216a604d0e9e901cfd29c6aed144d87b5acdf89156d5929bf96d2630,698d88cd16fe6f0b4dff26de56816a34646c6ef9f0e5db6fddc0c4b2bfb726f7
B1434,P1275,AI036,2025-10-19 11:37:36.951,PENDING,f1760baab5471d13a08e829d27289390168f1a8e14947d063d9c008446949f40,30C,70e7e4163632e25c02b484155392be4ebbcc5dc32da98c0cf94fa1cb7f7a139f,3589357caa7354a3307a0189a7fe97b77ecc740764ef09886aa786f9989f35a6
B1435,P1487,SJ215,2025-09-18 11:37:36.951,CONFIRMED,3da80707ab31b3152329e66079eadc86c1891deba9badcdd8151ae942ab3b6ee,1E,219a37d1cd0dc3ad544765e05a06976d5a8e0ae18121d4cdaabdfb5a56c9eddd,fcc37b2832a624a7b043dbd510a9c632f44fbe86fb700bff12a3b41617ee11de
B1436,P1280,AI076,2026-01-05 11:37:36.951,CONFIRMED,83ff48264ebb0d881791668d7412a1ec552d73699124f26aafeffc71ce8b0016,20B,6d59c75d3fa2f48339621f639a226da8d51a779cf8521dc47b40cdae5685fcf0,e2b14a8b2ffaf60b567e4589b75e452cdc61f1b976e5f91fea9d969493ae9cee
B1437,P1274,SJ012,2025-11-28 11:37:36.951,CANCELLED,7be5f7dae78ef72d7e2a71f55bd14d1d9c26a23ae805dbbec36633557b165bd6,24A,17312f996cf9af69effd9b353323e07d975146a5383d9ebd497b22b84308a42f,6a9c21efbe3e14643d21ca0bd16f60f8cd5285e5b11e3b85527f0ae162ed7d78
B1438,P1772,AI073,2026-04-01 11:37:36.951,,e73cec75cd6b229592fb9031e050e58c679139507f5f5861afac6c5baf148ea3,20D,925ffdcb4bbb2708433b90e4895d7ed548a5f1283a047a24361526783db1abf4,7402897551348f99630f53211b06bbd74602af56a17651dbdef420eccd770a01
B1439,P1842,SJ173,2025-11-09 11:37:36.951,CONFIRMED,eecf9504f8115c38a760ee5fb45b4d5be2d503e801e4527a25b564d1eb884762,27E,7be938f585cefba6e2a9c20b34c3840bda87b10f48a2017ebea824929e39b304,f4ef92d96b469211bda0dad635a14d0aa5928265da6e4fba4677d04877c3d123
B1440,P1718,AI193,2026-03-09 11:37:36.951,CANCELLED,5c2bb459e1c2612e3c462dd2bdeafd5633cbf83eaaf8c3aaa90d8abcf28ada0a,25E,e83c2aa54311b668b7e92c9d905b6b2b027a4b0b397503f2d927ee4f5ca21242,5411579475fdf089d07ae33723cffd362d4bc4bb504d626ab56f74a2b9155d89
B1441,P1895,SJ131,2025-09-22 11:37:36.951,INVALID,4955ce400754a64a0cf25f4f2ad6f2213a946850344443375d7bdfc3c0553b15,13A,5efce0022d10fdae2ed249b70053fc2a776aa1b58dacea23dacb8d397162c0f4,b26e1b3974e2eb1be1921caaa72067e371dd2dfc4b329f9dc4fea5451b51b2fe
B1442,P1327,AI225,2025-06-02 11:37:36.951,PENDING,a1e9964a530b7dacbb1cac3e0749777bac8ffee67c2c3761da8bafe3a860a67e,11E,ae3b964b2b4388d08d33973227db06849c0ef49e95bf1cd9a3ae99ca4c4b04f8,0c3fdc10acda74e862547dc70ad8c267621b228d11a32c4a94510cad1317a9c6
B1443,P1210,AI190,2025-10-09 11:37:36.951,CANCELLED,cde7a00501fe4df32920ca24e11029d33fa1747b71da6d30d302ce795bb5b4a8,9E,71cbfb11cbbdfe81d8d73042f89bfdb65b28c3893e27caaae080f3a10d37e514,6b27e00d83a6eb6c0bf43af4b8b7202be002492b8c156d0830f48e5a96b8b003
B1444,P1726,SJ238,2025-12-25 11:37:36.951,CONFIRMED,1db92bf52d6e167b77017867d4a3d1fe6ef91c519b28fbd54ad332781fd52198,7B,adc16ae9670f6d036b9766a29088b0a309e5f495e0229041280ce3b0cbd3365e,f43eb512d67d0e72cf8017ce3d7dce5d9d674b13fe695968e70a6550938eaeef
B1445,P1922,6F005,2025-12-21 11:37:36.951,PENDING,0ff96f71cfb679caf367b36dfbec25a05a17abc8fc1ad06abd833835b6a074d1,5F,92289ed1150939f048730387c5a81324efe3a8a4502f595ab27ef1d28196faef,6c0d7f06ec22bd4c1eb2922d8160157b29d70a21b9906bd7a9de4f9c59f5f2a9
B1446,P1551,UK136,2025-09-25 11:37:36.951,PENDING,4904b07e5d4278e0c0fb3ea14c4fb4f08e77d31c0a585849c6dc9421b80e8282,23C,91a718d770d39ee1d12eca787fba6771a0f169c897694bf0f900b4c554854b24,8151d484135b5f119c7b205b83be83120294c6527b98f1215a458bbcb08771ec
B1447,P1991,SJ063,2025-05-21 11:37:36.951,CONFIRMED,bdd31f573906bfdd0a2a14b19ae0c568cd1a106616c1e35dbabda95985bead1a,15F,5c01d205e7b73573d410ca64c71c4782bcc18762e657e4a73abff06ecc30a619,2d1db2a5efba615dd1b81e548ab6f81873a5fa6de3bc82982f9b372b5d6635a5
B1448,P1025,6F175,2025-11-21 11:37:36.951,CANCELLED,4bed1472fe6db6fba453493f5b3ddaa216fac730d5429feae69e9ca98f2bb192,9E,0f5df34e87c10f1ee805b31ffc885e368cd21d3a4abb1694764f6c0376942ecd,b35c8253f8170c90ebc5b69ed43b94da81c37afe66c523e91f477dbb14363765
B1449,P1026,AI037,2025-05-23 11:37:36.951,PENDING,d93f43de76fac5e7cd061c7e12d08d4ea7ab5a267d0a0cf92cc16b902b1f0cd9,19A,6d1b8427e18d25427681b8c9dec76b2257ac52c077cf48ab3b070a55c393df10,6f6100467cb60761fb2f4891bbd79b91ba913bb6a33852d8be8452d077029be2
B1450,P1701,UK225,2025-11-11 11:37:36.951,CONFIRMED,f4e54aa26d9f0129081a619e528ec57ed40b6e840b36583adc42c469a6c96e30,21C,2a77c9f6825bed26bb55fe16cb3e41cf3454ab1fae47ac7f16cfc8f58a3c3fd4,f5fd363d1e85bde1853571133c9f685cc81700535a9465d20717fd65fa21f088
B1451,P1082,AI141,2025-05-20 11:37:36.951,CONFIRMED,f5fd0df8f5ed7582b2c83f620abd102a7c3b1d3dfd6034e5f101ca38e20783d0,15E,d406df053d430e8c8241f36daa797255148f5abf95111dc735deb38f927d3bc0,2539c1202b52d8fec2c6cb83cdf5226fa2f52157f80805a34ea59593a0b29dec
B1452,P1895,6F172,2026-01-26 11:37:36.951,PENDING,2d2b83ccbfaed9929377516ad21b6cb7be02f3ca898a81b260563fff93ad5573,3E,4c26760cd007337f71b873bdde31f8c1d5a8d914edf9dc7252fdf11ae691a99a,cf93fb86bd748c122f4662aaba0354243c3de9fc8eece302be713ee9bcfbf99d
B1453,P1945,6F219,2026-02-07 11:37:36.951,CANCELLED,58323f485d32d67f7b3ce6834557082783c17331774b2dc0a5ab208862d1afa1,16F,1619a092e1e30d37e5c8489becda2af769aa9b18088ce87020aaf0fd57510e0e,32aa2357f1e56d394d7a577af41e1ce00d4bb1f070bc0a1e67717c3952d7e271
B1454,P1681,AI045,2025-08-16 11:37:36.951,PENDING,f11d996211899566490a9ab25b12cc4f3a11fdda2a96f2ddb809376bc2bdcb03,8E,222d26ba6e0ecc7ee1f820f2f284385720eaedbe6223a24b2aa57136583e8931,fdbe5218235c627ba82eedbf8ea2405ea70e355183e0be7816623ef4b83a0864
B1455,P1412,AI198,2026-04-12 11:37:36.951,CONFIRMED,7b91fa2031331205dd4cf074eb117dfc096312a0a6a07cb5081eb054c86d97d4,30A,d1a84e416f0b1d486df03a86c4189dcab3f5f650b40dc8b56adb90d9f1bded02,d04799ee925c9a45c5cc2694af0becc8c610e5b0b5e953d3959857ecc3989c04
B1456,P1166,AI120,2025-04-24 11:37:36.951,PENDING,442f1d7f13e55ad3c61d20fc5ed11c9c3bd3b17194a4f383c9d940a2762a79c2,17F,ab2b0512d94dde4b7825b7ca5e1d1cceeb1027d5d750a10c0d36e50193baa199,be10c7f76bac82ef8051b77c1f56bca9a104d34a830d507700f10fde8cd5f421
B1457,P1699,6F134,2025-06-11 11:37:36.951,CANCELLED,d00be8032494b1a73463dd4a8f5fdf1a13d2dde0131e58179cb2e8154ee14f2d,32D,a65946948ae0cc250d1b375f7b0e7d3661553777a69d7a95c13242f399a6de2d,ba09b1117731cfff59b29f95519b9707829848c7e767cbf3e39c36e1fe7ae1a6
B1458,P1168,UK102,2025-11-19 11:37:36.951,CONFIRMED,89b800253fd07cd17855c01866a4161aae8f0417bb6667c23df05265307c994c,10B,0116b1402feab8f2689d5fcf118e6f192f7cd9f4f26904b9ce790e348e9f7a13,91954aa520f8bd4d7b11f4819e835d0241acc5da010cbb26f81df17662f28a2b
B1459,P1800,SJ199,2025-06-10 11:37:36.951,CANCELLED,3f4ee4adbe47c023a8aa973abae87f652b80dfb953f486600f471e58ec2126f4,1F,6b872e6d110a423dc9d54a7f16600e3dbfe6754b31e39aa979098819ba7958a4,1d961281f73a5b704f0da925b202eca8f26f830312367d9a79e6243946510ca6
B1460,P1978,6F235,2025-10-01 11:37:36.951,PENDING,6ee5308b0c9ee5aa481428033724f3d0f6e0d0586bb43cd578302e6571628636,32E,4a3b321fe9512fc908d694684367d17627309cc071670da15782a9fa1a538fb9,fa5a1c4c256ad6768006522b7b44f9c58b26f4acc75723ee8c32c1232d561419
B1461,P1228,UK065,2025-10-14 11:37:36.951,PENDING,6cdffe387e98f96c911035d965df20db987b67fe4dde03d038b4cb931bae5cbe,33F,7c9e814e3096c4aa1d268f0730c847a33d64fe3cd6aeb475ccf7800dc363507e,4ac1cc40a157357594dbc6753f81cbf122721a4b0ecbcbf923eba512c65d4973
B1462,P1978,6F135,2025-12-03 11:37:36.951,CANCELLED,bbafd94a1679df27fba169ec18ee29a6732b5945eac55738183aa34eba21ca33,26D,e58abc7d27ab999344734f3e45799695b5a5b6f0d26d619d3e3b844fb5ca3f9d,747bf36032f29d63f85bbb0a40f2126d32f4709c3efb8676db17fa8b5aa70e8c
B1463,P1608,SJ148,2026-02-10 11:37:36.951,PENDING,5e7e664b303279baece5af1da1c47420c37fef23e7c6a7b32c36971813501064,31C,4f5d9ab61b3d61e73b7afdacc67fad4d397d2d562492fca421782fb47bdbb9cd,df66df47f1ae1c568fe7bd13c86198fdce5a949993db8747159b1ed80fcc264b
B1464,P1366,AI083,2026-03-07 11:37:36.951,CANCELLED,eafb917bf2dbf514e1be86aaae0ea8fe1cf86ba47f648a0ee706d1166059f60c,6B,dab7558d5c4e9ec7c86b3cbc0ba92e08891cfe3fa9735dd6ef3a58332f038fe5,d8329d4b061888d23bc1cca654ee886e821083a8f1eac44c9662c0e5b1a01fac
B1465,P1527,UK024,2025-07-02 11:37:36.951,PENDING,c8ed86bc4b1f5b2a09402c8f4229497cf8167a44b623ed4e76e747f485beacf1,5C,5e4a58cabc2c2ec1969e1dd0d0733a365a0c485e770373e3175c874af38622a7,f0b01640c0df10901dfa1dcba3fc72bbb939964dee21746d4d5d110447f4c954
B1466,P1790,UK220,2025-04-27 11:37:36.951,CANCELLED,db1e1f7bed19757ec03c73a95e816cd168439d98bd3f8246c5ffbdba2e6a6135,28B,9a4c57b2428bb60af41f45bfe4fe027ff1eabc6322d683255e2ce0e2cc37e692,2091ad9317ec0f710aa852e83dd9764e8b477c007c89598512bc919c19fba2d7
B1467,P1646,UK115,2025-04-30 11:37:36.951,CANCELLED,16c31d4c77527f2ca2ec9f0599e6ffe79538c8044d0872c54c91682e5a6927b7,25A,7ffd6972f8e6105e80b30a3556c742e982d8fa2303dd382eb246438a47394c04,0822357bb73e48e72aea5d1c3b558448cc7065af276a01b6440ae96de8ea22a9
B1468,P1537,AI255,2025-07-16 11:37:36.951,CONFIRMED,cfce696e6992ad7133656086d323b05c917885cf01c5028f6f7fadfe829a5b04,14F,0b9aa65a0b0fe9c78cb500a959ef134ce4a0d603c0efde0ef2678c509f602be4,b2c945363b7410104abb0ec29f522b113ebe8ad3833e36416366c1cac3a5254a
B1469,P1863,6F001,2025-12-25 11:37:36.951,CONFIRMED,78bda9a94bec5a874ff31f2fad8d140eb53464aaca673796a71065c1566d024b,11A,1537aaa44a308eed818892a3833f88881fd84be9bf951988699ddc62ff732ce8,845fd15f8000a97d3bd41972cc06bc1a539a6c4844f095f663efa0846951b9b0
B1470,P1523,6F132,2025-05-27 11:37:36.951,CANCELLED,d4bf3c31b9fba13e4cea7ad9b73f3ca84533b03852e9da4008f91a0f7894e7c4,24E,a23217fbb520af0fbcddf09577bed6a45e1166d05f0f96605484884d2ad5766e,fbc8893fde8e2260290c1e3ded2dca502fdeb896cda7da2422598358b5c98e9a
B1471,P1071,UK184,2026-03-28 11:37:36.951,PENDING,a6b2053c8f7fdca146822e58369412f6ce55b11568206d1c357bf713e6f45261,8E,79bfbd47ccb61bfaf2d9e1dc5e9ca3ef5aa6ff5fae26e7187e7904ade2f2d50e,9c718e457a9fa6b0a1a9a4dcaf90a5959be292b3a6950a5203619269b54c15bb
B1472,P1644,6F098,2025-06-06 11:37:36.951,PENDING,398566e4efab1bc367111e8830c16d334ddb41d37a968d5e628af185a8d74600,3D,16224ac25ddde664efd68dba576d0a61a117c4b642e5d504cdc084c22c81cf0e,1251ee5dbed883688997a97656f434115396cc6018c8b6d86f49c585ac4e254b
B1473,P1105,SJ168,2025-07-19 11:37:36.951,PENDING,2d1bca16bb43040410c82d80c38641eb61905218629b762817c10bdd70f098ff,21F,4c917ee4b6bd293f1e5f5ebcbfb315d8967bd110d7414c2a968c069798da8d47,145a3b53cce176817e6df763ef1bf54c2f56ea3c3aa453fa4e90fac6f34b36ed
B1474,P1731,SJ178,2025-07-28 11:37:36.951,CANCELLED,0f290cea7657e120a95793362db2cdd070fe4684ea5ea715036b0c1708187c71,14C,f5ff2eac0d15daa4ff389495dbcf44035ebdfbbe59a193fd0e5cce9ce54e1fa2,8ca9ad5762b6eb2f4e83ced83b13f77d756091a180d0467d78177ab384ecc9c6
B1475,P1884,UK111,2026-03-07 11:37:36.951,CANCELLED,7e95721715325d787e84c596accf19fb4179a5b9701dfdd511d037d674d4ce31,2C,4dc39958211236552ca49dad1eed9f3aad0b0ff91abf08757689cf4213be37e9,76778f69762a01bf995102577965a2b5d7da4e6fb6f206d3deae8ec38bccd384
B1476,P1964,SJ051,2026-02-27 11:37:36.951,CANCELLED,d2ea77c0e608c401bb2f32a937d97c277d2d485f0f613fa58f6f02f1745a9881,32E,c54a5a0600902cb9f89b27ff0db5d0077c6362ae47121dc15c5f3d3990e8fc1f,5fc424c5d07e8d6bc3af64b4b0bdfc5f5836ff181541ce174b1149298e301b14
B1477,P1688,SJ193,2025-07-06 11:37:36.951,CANCELLED,2075384dcb84dfb895515a2d5162a46fc0f44919c0a5dd98569691e9c2f95c7a,18E,284f56aa785018ed92d7c32216c2c99c728fcdc797f35effb6c01d3441ff0462,f1fcc89b07de4abf13eabc8177744ac2210f7dec66ed930079f1e6e964d9a8b1
B1478,P1281,SJ039,2026-02-24 11:37:36.951,CONFIRMED,524094225ff1be42d08b50e85034b0b5126c19951726d48ca369ea25a5fa4369,28D,36d37db0dba34b4f2a8138340bd9c387acf65eb905e231a7c501bcf61280fe40,6107ef4c8c35d46d9db6b505f99df55cff878a1492821ace06cbcc884b884136
B1479,P1132,UK066,2025-12-17 11:37:36.951,CANCELLED,bd1d9854620422ec848b85db24920e9a6303010c0b8e1347352105543a247999,22B,0811197506943e1aa97e12f3c901ac06c18aa76d81bd0a35e9048a3a172b07ee,063e9ce8da4fe69cc1e2967de315d4f6446eea6d54e099b46648fe4a5b85fe42
B1480,P1533,SJ050,2026-03-14 11:37:36.951,PENDING,272e67418c149210752a6717bda39b371ef42ab7765fe2ebb45353748c13cbbe,34B,0f887e72f2fa243a8903dce2fc5118da8bdda895cd19c1ed1c556cad16f44337,94c9eb212153fe8012834e17b00daf736580b27c1c9fb0430d8ac83a1efc21ab
B1481,P1974,6F052,2025-06-11 11:37:36.951,CONFIRMED,5ec0eb20c5e81aa1dca6b35df2a3d6948d8b4f7e0c18ec1c83d52bb1b3d475f3,4D,a89cebea68d7fe801987154eca89c9b4a5835dfbcb1ba773f9e7eb3954ba2dba,1eb73f5fc753a1e04ee3710bbe2836769c823acb5be315d4b0a6133484ef9ae2
B1482,P1268,SJ170,2025-08-29 11:37:36.951,PENDING,a2904b4ae9aa36e16b75c69bd7d0436f996ac3d6017d26bd99bb93e00a2e692a,14E,4c057e5668b135959f3b9551292de5300ae73dc2d63192d346294a495a46ac76,ef077eaa4636c76e269b761e11378f4e92e6974fa2ac742702fa90a67f982f90
B1483,P1411,SJ119,2025-06-09 11:37:36.951,,56453b9d46fd3d02236092dbc9bc2ce5402a9a908dcf496bb6f215a201033646,26B,ee3a7324eb8864296a3f084525b83cddd52475021153adb862aa6eb039ee183e,e66bf61cb032eecd0b4b4a269907ff7ec32a7ffdde632f2e442de13c5d276103
B1484,P1672,AI219,2025-05-07 11:37:36.951,CONFIRMED,7c4fe80f20f9b66483cc64025a221578d32a5f7799e4c45a4c28907ddad111bb,13B,fe08843bde88d825253f3e2bc67f0194822df730e7b85c35b1a0e9dd6a48714a,d1333cc39e254ed16a01ee065d30773385c374f81307af2e693f0e0eede8172c
B1485,P1618,6F220,2025-07-05 11:37:36.951,CANCELLED,69be083ce3cad74bea05b2dcd4924e7e39223920ce454182d0329d6bec0eec6f,12D,a1b1a16dd3aaa11812ad5c7f27f4e81fbde68a01d2b2344e12127efd8a1b4d80,590aa6534df1b8a4cd6dab9d5859f322e4426700a514c9954550e064ee7335a5
B1486,P1790,AI207,2025-05-04 11:37:36.951,CONFIRMED,a924a4199183bcc1a6ef1e33bd61ba5cb9b95289b653d27fcaed87c8518b8fd2,3D,c95bde3116f993955f2c0a3a84ed821214df5d6c03d332fe6eafd69345026f40,74ec06640dfdc02319a42afd9d1aa8c4c120569e595d54db321befd49b1813df
B1487,P1864,6F024,2026-01-26 11:37:36.951,PENDING,c80f98a465beef558881197b27e4e3b2c521bb92a5ecbc70c1e056eb1bdd2d94,5E,55a0a47662d5614d2a7a8142e22260adc1e4248cf3789d5e322807689235dd32,145fc780266ed3648259b6e691a04bcaaa15cc3bb1bfb30e0039d99df7602876
B1488,P1746,SJ073,2025-05-04 11:37:36.951,CANCELLED,3d53e7809ed61bf918feb4d22f73f586ca9fda44f7fa8d1cb1a6f3b55b865bb5,27E,1d01292093d384e67f4a0c202655fdff50bdacaf13abbef861f075bb961540a5,c895becb016b803ecb2ad540b883a3fea7d2a75a9e6e37ef935b4e5fb04422a3
B1489,P1017,SJ201,2025-07-08 11:37:36.951,CANCELLED,b5595e03ca062d474bc033d681435cb2f296ab85256ab1aed60a960941c65396,24F,3ba38e571c0ec421e5277d9f5b69330753d63a72a258f0357016dfb1abe293c1,9e37a944066d37c187849f6fe1e3d1b34611f550aeed5a1d78908229122d1755
B1490,P1753,AI180,2026-03-10 11:37:36.951,CONFIRMED,0c6e56d9c9929121c6fc03016d34004c851d17b2d4cd687003e10d1b5fcd3d53,29B,55dbbdb994ad3e705485c721baae2bdbd4ebf21cd13e7e7bc785a38b7bc18216,70833f7edcb275183a27d917be40e24caf24b95a778783d4003ff16cb6432b78
B1491,P1116,UK022,2025-07-16 11:37:36.951,CONFIRMED,b3a50d387bc3a935f1110f7350c8aef65bb6b97af96586f58fc5230e4b002f1f,18F,d21254832896fde174864214f3db955d6eeafa1edec29756975a315d48454fb0,29ca1c306d65eede2f6ebfa90ac7632677bbe8a3314a64343b069cb737b47804
B1492,P1797,AI202,2026-03-27 11:37:36.951,CANCELLED,7d4544f6735d1cf42af13f92eeb97970c9af32913af6d6dd58a23a8f75cc9230,29C,9d5afc88611c4a7ac43dedbe631379147c36b23d69709477f9d8e6d389ef6a7c,25586a9692946e2e7ee240268c6698683e562c8dfad4cfd94340a8980aab20e3
B1493,P1793,6F212,2025-06-01 11:37:36.952,CONFIRMED,c07324d0d0366f022f5072cef3e87ae0600b542e5199284c09c57a213bbfb09e,26D,c688dce587a990db5e65ccc5215112646f4d55078e70e0c11aa7b0c39ba6173f,84a3fd8a80196bcdb5b720bcea30ac515f8b0445876d5f39d7cfeb94eb736bf4
B1494,P1143,6F163,2025-06-09 11:37:36.952,CANCELLED,8582756bc78a7da7ef52481c8155b51be2a9ef99db417cc695363902372ea444,23F,c3fdd5e5e170b674bb82a00989f19bb2a87683fff90de82d783cf86707137cfb,5d274a0e287bb808d20732d2f96b8dc5c15f4cc551ccb1a29be98fbb87070e34
B1495,P1716,UK028,2025-10-15 11:37:36.952,CONFIRMED,9d5f2fe9ab866f07b01711615f8549bdd624c4eb2d12a4561713afeecfaff719,27D,a812c00f14e3c862520fab5007f7c6de313db821c493b25cf1c8c0ac5387c29f,c9f988c0ffea23cb42bcfdd025b0d6a01293e8a12d22774e88dfdb2b035e27e8
B1496,P1550,6F243,2026-03-21 11:37:36.952,PENDING,a712ea3ae32e4e90c949b49b3cd19c94aaf25f636bc06d3f934312a94292e287,7D,409fd5d7b7b59ae6e9e84edee78a8f8a3b70454c58f57eb315e4ead2205b4cdf,c95c63e7a9864112da282bf42cfc663af6d40c908d490d4612a04b2fc5c99fe7
B1497,P1928,AI165,2025-09-02 11:37:36.952,CONFIRMED,46c9f2f81ebe9bac23cd7612e372fa0488abfe9d4489f7af31932844d99274a3,11F,0a8d3a8a0da201173ef2750db88df5a467d0cd0d969baa7b781a0f8beda03cd6,6876ff1c0ce4246f48ebc4786b42e2ca40daad5e1de094512388091fc9cedd9c
B1498,P1665,UK099,2025-07-18 11:37:36.952,PENDING,25f54e01705990847ab3acf45f035cdec32dd6841bd6d21afbc2dd4f3c024097,3D,dc4369a2796f827b860bf6127ff30be4beca8d464c6feed3631c9cddbd4c511f,0c2d03efffe804ccce123b13c1a790537cd55e356de1a3cf4da51a5317bd3a07
B1499,P1687,AI033,2025-06-17 11:37:36.952,INVALID,c2322292bcb2f2b27262472789696b3b32d9c449b562bfec75780ab6409dce36,17C,92b60332ba5cf811672d127e5070f0b93a5a2b38a06ae12e14d611ce359a9fe0,2780bbff4c4d0984018c7d84321878313cd4f43e8f58b1f868021812794a64ea
B1500,P1960,UK056,2025-04-30 11:37:36.952,CONFIRMED,cf05d383479f502be49caeb6a6be583f88de812986263f74bc600bd9f6989207,22D,8cf59ef4f023345b81920b386169e3fa94ad236f7a21d5749aff5e0201e84426,e67fdd6c268f3115659d59287e6759b29b5e6375012e1d482b523a05960b6aaa
B1501,P1752,SJ122,2025-09-04 11:37:36.952,CANCELLED,73051b55c7e97fdc216ea8d94d2fa425d527bd3c93f12b148d8bdff4d72428dc,23D,32457d7bf29346979f5d82ca8130d6610ed76669d0221cb3906eb27ab45955c4,7b46f5a7ca54bd19ba43e734b65a27b668c1d9e07495567e39187556591a7ae8
B1502,P1421,AI086,2025-10-15 11:37:36.952,CONFIRMED,3c7f220cb5068b0163c0739311a4ff6ba049b425d291231b83adda72a01394e5,23F,38aca392aabbffef281cab8fce0990439e1a956e57f154b1c2a1cdcbd750c96b,432817e1804dc65a294210d035b2b1ec4a80375d07549c161ac68adcb1a4ed87
B1503,P1897,SJ011,2025-10-17 11:37:36.952,CONFIRMED,20807ba9eae1985a2f0d95b03073f334df96c2030accc2b503427e0644629647,25C,a2ea8b02937483b1dfce106b87f43c4e2e6ae27f6b8f9ee0adb51ad0118d1cbf,afef7d5838b256140ebcc1107e1e6f8382096c1f666f0a0bb3e96626fe50afcd
B1504,P1368,SJ021,2025-04-21 11:37:36.952,PENDING,2f1b87f7cf7e4ea93c56db4b6055dfb8a3eb63a4cdd4b98758edd02edd518f75,4E,ea6d4efbceca6f2ed1fde67860e45c29daeb5bf936fe212c5d5285feea14dc57,dbc4a93144e6f38a904cdfca7c7bd7179135edee0b194e1bf28d3898f31d5a17
B1505,P1645,SJ106,2025-11-29 11:37:36.952,CONFIRMED,0328c1bc934ba3cabcc3e1eac5adac9446836ade845d0a2150a4a3e6bd4991b8,8F,c7f5844cd6e7b92d73c70b853e043dbccd45e63107c9cce68cd6ec58cc930768,70be6a14b233c528b325e7596cc966ab31fced2ba986601b5c29b9cd831542e9
B1506,P1557,SJ026,2026-01-29 11:37:36.952,CANCELLED,e69d7f79bc574473fe3a1f982ecbeb5470716e49528b89f44eaacdf1efd05bb1,9E,14abb1d254dfef519ba4ccac6dc269f52e6c535418fd1eb7f85b1124080f6cb8,55c466e49ee5b1b6717aa5864b12310a698fed76bd3178461a65deb7b664ff4f
B1507,P1049,SJ245,2025-11-27 11:37:36.952,PENDING,7bff29254611796d8955118ed35c1cdf92b85ad46e7fdbdc630f41318cac7c7b,20A,ca676e55ae6701a68c52afeee801720d7b2fb44144316eb45d3abeaea5a70af2,0cf368a4280c577751af76f9422b279d67f63ed8788a9ba552822b9d88009d54
B1508,P1677,AI023,2025-07-31 11:37:36.952,,1687175f826bcf70b75cd7e9072c71a54f2c06edba75069e14750a121ecc7af8,9C,54a8e9b4c20b6a3ad357cb0a6b7d233cfbd468ad13821645cfb372d93771149a,7e9f467ec69d1915ccf86440f6fa36ce7c5d936ed1b6f731a5cbc5698b368ce9
B1509,P1105,AI032,2025-09-25 11:37:36.952,CANCELLED,1fc210e4387fbb3c3b1f684df5873f5884a381408afea3dd11babe6f8ba456f5,14F,02e3e062f62d6ee246e2dc0022485fd195b281085cbba2199c23b51cff47184f,8518a33162b4da73b3a86ec7ee59fd24889e37a417c71ca7c04f06c8ffed0518
B1510,P1215,AI236,2025-05-11 11:37:36.952,CANCELLED,c18ad2c166bf6122e9d3c3c4c0e4f36d445752e85e6cd796aee313d20408e596,19F,bb2523ec4667ac53ae9926a1e09b49299ecaee7155f873eb3d7c6379575ae611,92b88c03de8a99891faabaa05a1d30709d2b070c2bfe3b0f3cf1e92858b6241d
B1511,P1657,6F094,2025-12-24 11:37:36.952,CANCELLED,b3fbf117ace790642594f69dbfd4fd632c775f50de9392ed5c24e50e06e44f32,15C,39aadc86056ce9c269400a33eeea59fafb477f839c99d386e21def22a934f1f5,74114e5fef6a805afd06629bf5779964d215c5ced6be4ec9a9f824541318f56c
B1512,P1922,UK163,2025-12-21 11:37:36.952,PENDING,115fd913ebc291abd5c78a6fc8c4f932c224b40f70bade00782a408f11e4d6d4,4A,3cbfa8884fb8c3fa70f2a2a0e7251ab120fdbf10fed7c2ad7c414f56d694fce7,0d53d45aca4f03f8f3b207e9b9459d086feba95fad7c546d1bc60fd487a78323
B1513,P1424,UK163,2025-06-30 11:37:36.952,CONFIRMED,a42a5130b1a1787b71f82ea7deffbe03f304b33c03ee32637abd24c0565343f8,32B,a32c67ac99a0272d1894f6289338ec1620a909e629a8c418ead220b3deb3d871,ee478457dcec69babf7477eeaba4891d043535f4bddb431de20e58a5d7e7d058
B1514,P1071,SJ045,2025-05-07 11:37:36.952,CANCELLED,3da8d023b85cd0a171b1f2726f2871e3fae2a12394ed1b1f3295631301dae861,21E,34ddb2cf796f6ce60d299a06d907d9d724aa3709d3660e81904bb5106fa8218d,1cf6fa6fe136ba59c6ded50a7d9738e7229c0383765278df97de8a873a72a07a
B1515,P1987,SJ006,2025-07-06 11:37:36.952,PENDING,a6cae71ab6b18e469a8f5c4bbe2927b8237fd8214bd018428e03b3404a7ab33e,26A,c3a621b53be12181020bd664169473ae1046883e1f2efcf8c8be6582a74872aa,ed05be1b9e92a01b18eda5b649f0e9b597a9cc4ca5e3990449b4c0f43c7453ea
B1516,P1841,SJ103,2025-08-05 11:37:36.952,CANCELLED,70bb52f06ec5a0512c87a717354391dd59f0e5f24dde64f88adea1e3a82d3345,34F,dfb53f06ef62381551885dd756c33a14d7e0bc6ef72905a263038e74e28aed6b,b5e246c2b80a525458ec160bcc674f8541af93eb497b9caeda767603127f89a6
B1517,P1784,6F221,2026-01-16 11:37:36.952,INVALID,9cdbcb5ed296d8eff8cb62d51faeb7a2db7f5ba169f5502fc79155cb4229840c,31B,ab7d69ee2c6972ab6d252f2883448b9e380aec9e69b7906cb8fc96aeb98b1d9a,614357a6165027b2b3b9f436812940286f5abc4f9aa89d5a81932c7611e6ce22
B1518,P1758,SJ147,2026-03-20 11:37:36.952,INVALID,4952a34c84ab4ba9664ec22a322f35620693b227ae2042c386181c27ed0774f7,30A,05aa53f07c4a99430820cc220e60d96032dd0e9523d266ab5af5860abf609ceb,ba88a231a959e000e9afd5d8c3314f6f1eea773b376c4a89a668bda1f14b09a5
B1519,P1445,SJ064,2026-03-25 11:37:36.952,PENDING,d802ef9a25cd2c80d7078ddfabb8514e8d6fe53654b5c49ac6a0fd77dc963a3a,3C,8a32603da1487b38ba1bda7ad82641b463fefb5855e13dff70403c9c122630c9,91a8ae591c72697165c5ef798b9e1cdbdf3a0de72bfb0217ec66f4e87108e8ea
B1520,P1924,AI028,2026-04-02 11:37:36.952,CONFIRMED,e839dbf85d70e738066f2aa3da7f8b3aa553c85ca70d82cd94008e41ca5a7fd0,27A,fe8483edabd2dcb45be7c733d2776ef096451f7ff80c2c4d806e15d1c8615f4f,b7b83c5b01c0424b398cfe82b372abf8a18336604990ddcf5921a8235c54f989
B1521,P1185,AI148,2025-11-08 11:37:36.952,PENDING,0d35de9dfeaffcc673d4416891beb61661a7d69aa209def9196afa88b1e51260,31E,ed78261ef31cb91637d925e05666bf1d06c5fad6923885d5c2f084db63bd1d2a,667173194eb89a89e182f55b1b2e296415d7e7ec345d540a9caf5c9517e1a28c
B1522,P1069,6F263,2025-08-31 11:37:36.952,CONFIRMED,bbc5e31f4377c7b2ff4700764160d2fb7ce8fa84a7f9adfa72520762be4060d8,1C,c47475081ca4013a28125086badd8e531a753301aae72c75a2e93be681bcd7dd,2d5984f079f5a1b131bd1119f70b6f9fbc51a3de1ff7a24b2899f595678a9a12
B1523,P1973,SJ067,2025-05-19 11:37:36.952,PENDING,9e8d151770b78effff840c3da38bcd72b6f6f2a01801b0a62915dee9d47764aa,21F,93b2a14c83f5a3237f4918af7524a482d9d0168789cd1596d69d6e9052a785f9,2924924c9e349cdfad7929cabae99dbacd3d9f987d80ae05cc67279c924b5bd4
B1524,P1149,6F061,2025-06-17 11:37:36.952,PENDING,f78818522b64dbd4d2f534181350bf6d25bd28af3277b382b7c874b4ed50f84d,23D,acff27dc85871826358c838fbfd2c35493bf8683511863be1245998adddd6f51,89d62bb20138e1985006866ebc707f83d73c7382ce591d9d2bc7bbc9d2c4d4e3
B1525,P1245,AI254,2025-05-29 11:37:36.952,,aafbcd16874425013c509c94284dbf00cbfff6422b74edce0ae3d0ca14bee7db,11E,384a668b24c94d3038cd92747df1f705a1ec91732108e0a35693c08283005074,61078ef72cc63f7a983a63b075dd0c02f0dbf4552e77600bd30661b1591de9a8
B1526,P1773,SJ136,2025-11-15 11:37:36.952,CONFIRMED,fd110a595c7a06bc06f9679de14117cc88e02b42a2de3f1f2db5aaad6ca83e3e,17D,a238e4c06b835d38ee7f9a7b8563714066cd29a9a2f4125e4bcd2ae84c5e32db,0992b424ff7389847f24fbffcb210ceabfc88c5d589699a7a8733b2f9fefd44d
B1527,P1537,AI046,2025-07-09 11:37:36.952,PENDING,587d97ef85d284a22def857c6bdc273bd98843022808fb3de2b1663363b317ab,8A,c6d3b4ccbf960cf2c129a120da285856e17816e2241e6fb1b1801ce4702d6c30,8d5ac5cad32c98ed05834ffb83925c65ed3717d51d44b1e677573c69cf614600
B1528,P1934,UK174,2026-03-28 11:37:36.952,PENDING,3e5ad2c601bf82bbe6f55a2650bcaec3a32644316d342a63e221b33a62a1d00b,6E,35c07cda248a88812be695c9d5dd38cc9d8637bc4b132fb6b1d2d29e3739c6cd,5ad3706a59466a32b41959f3efce6ad6ae6b99c4859f2058a189d087456bc7ff
B1529,P1651,6F066,2025-04-30 11:37:36.952,,dedbadc838bd62c7f66f1b89dc7c99214ba20ac4a37c8b1f519e54f76239baa2,34C,e0624fd7cc55e60c2cf33758b4e8e59ae54fb6c43f3eadecf1c7b3287637eb0e,ab3f8e297f0f6725a9b786f2ef5677455a1bf243dd3e64d92015df17c2d11492
B1530,P1098,UK095,2025-12-08 11:37:36.952,INVALID,68368d14479806e041230d58173125dd49842d9b3341017327643faddc99ff37,23E,3091c881927ddc4073eced3ff879725e2f6972327c29c35bac127c25785a9360,3bbe90db0eb4ee450a432a6b1afc2e06319538b7dc1bfc8792193202e4de885f
B1531,P1909,6F063,2026-04-01 11:37:36.952,PENDING,9d9255c610233be4f38775044718113e64064682c6f727b0028cd9aab2b6a75a,30F,12628e8e220e0f27a95ea4dc0429316de7c86757e8f51b7a7e2644b75d71d3bb,c79eb244c888c1c3e345abe56edb277b9e4d52b16fdbba680fff3780dedf5267
B1532,P1277,UK118,2025-04-22 11:37:36.952,PENDING,a640a6fc52f85b75f1a69d5732f6dcb8a88c0b627a28fc727b20b5978f9cf1a0,30A,1d31b32733a020ebaf0b0aa26085537df5e7b20689c4b5146b61402cd2330fac,460fdad1e98fea06fefa78aac30de3b3e860a3dc2a8e0e8b1e65bbe12c998be5
B1533,P1562,UK218,2025-09-15 11:37:36.952,PENDING,72aef7faad6a1f5c60480b4a257c51a66a3260e43b6aa68d3d862c4c6aa87627,28D,e8a4dfe261a9f96d5e89fd5370923ca859e8ddf1487934da11ccb888c20e3030,eeccccb4b19872e640623d4d10c59d4902b2a6f4fededa88dde01e736090e803
B1534,P1662,UK031,2025-09-11 11:37:36.952,CONFIRMED,8e1b9a2ed02a4e5e77d9b7b539f7ed0bfce0c30596cd4002547887beff79e7f5,34E,7a55193b2bd575535633896854cffc58afba619e3d35a380de98296c92caf404,e481b7dd465d8d06e52d7416324eb9983c9a2e0ef9b100cad4f2ebae98589394
B1535,P1943,UK142,2026-04-02 11:37:36.952,PENDING,4cac606eba3e8c4e72f2f64f067dc061d16fc7c4577d6f4a0f49f70ae8801ed6,6C,8ae43e67493b55604a8887e42c96c08596edae3b3ea14af51f748c071607be76,88241e1c1599c0ceb9aaf0167a57c997eb71205a9889b5e7fe6020c7a08d6c5e
B1536,P1454,AI002,2025-06-01 11:37:36.952,,083c7620070f3214e20115a43024a8d8c30c1a1b048268738e30643762327834,4C,b125d3c5b92dac4386cd73088d7759a69c43fe248417e68cbfc78aca433558b5,1c61584a98fa929d260356aef66beae9e9d83a11126ab3ec02e409bde4ec1b21
B1537,P1103,UK070,2025-10-08 11:37:36.952,CONFIRMED,29a974b13af675fcdcfaae4c17d4f10cc678d05d96824de2be099d9638e8ab98,21F,5481365169fd1f1f1fa4d277fcf9ac4dbed3df2e27d6884623b9484d62f55507,035a1f8f08a5ebf4e0b9ef4899f5d4e29ca0557bf9898aae2a0a34e35376ba6a
B1538,P1945,SJ121,2026-03-17 11:37:36.952,PENDING,bc41d1e5250c21770a8524c65c1325686badd1562e9a6b0b0eb985b575bca737,8E,808312bbbaed625f4d4f63b4d00ab88f7d9d82edfe835fdc6088be999e151b8f,042d50cb72c649bf43dd6f73833e44eec1f989e7112ad2227218b8581826772a
B1539,P1600,UK201,2025-06-11 11:37:36.952,CONFIRMED,8ef9c1aa92d749163c58f4e8f8d51eabb6cab1e1e14e8eb4e68296864dde25a6,20B,a850e047ed781cb5688dce28fbe107b1a6848ad14ff3ea9878418e44c18d1a86,6e0a77d784aea8ac162bb2d2f37b8eada8d6800a67c92f7466331f247263d1b8
B1540,P1652,AI138,2026-01-15 11:37:36.952,CANCELLED,456d01ba12323d400f1cbc0b52c4fe96dcbbdc3a9d3439f7b1fd04eb050cee07,7E,818c930068b633a2e0e3fe1632035935c3b2a1907542c070479ab244b0922252,b80646dcee2f98dc79214d2fbcc70f9c18ea5e508d29c8a3ee858e5fd70a0e8f
B1541,P1724,SJ014,2025-12-16 11:37:36.952,CONFIRMED,195c819f87475defcd989d63467ab5c68ed4d839fb40ca43fc0b1a860ced492c,26A,c647877db214e97a5f8a5b1bd68990b9ed687098688183b4c12324baa98295ec,42279c2ea06edb8cdcb66ca482d05307826bd6cc2df235bc5328d041f60dadd8
B1542,P1232,SJ053,2025-12-13 11:37:36.952,PENDING,0f5c9f6389227c6e1f525ec17d8d6d228ee2b753412da946e7d7ccdcce4aef09,14F,4a104cdf6abde451e301fd4e442f436bc9b233a967e25fa743cc4f2dc68c639d,68bcf465a42eae7b4243ddbf45afcdf8d7938f11b2182e38c8343abc09a144ce
B1543,P1393,SJ241,2025-06-16 11:37:36.952,CANCELLED,938856af766d905b5b3c4cf1fabb3324d3e06188fca7a3181ba01040e67fa4cb,4F,d984526136e2a8095ceaa8e26fa59149785696af27c43f1b2bb90ff293d78852,03282bb9819f397143c1d01c88610b544310187fe525132a59aadf16b9fceb1c
B1544,P1500,AI249,2025-09-01 11:37:36.952,CANCELLED,d9e4dc1aff8cf9471df3a6bf78539250ff1a5c3fa1a4de7649c85bc521410e6b,16A,4950d5ffaa5c859716bf32fbd8a65dbb1d6b60038aa6912fd96ede9e309ee997,06601779bf82a047f691b61b50ee8fde50cda06c3afb009b38ad9cf65926877e
B1545,P1694,AI176,2026-03-08 11:37:36.952,PENDING,f0cdd2e9aa86a33bbb1a93d6f96f5cad33fd04f1fef42ff5a72440d7d8769edd,8A,719387edee0fbaf045249ecd303a5f0bcb342aac65ddd4060e75f260b539f33a,03d401207ac61859b391a9e4005b598c6921f5b6dcec3353d1173acc66c5a9c1
B1546,P1250,SJ234,2026-04-02 11:37:36.952,PENDING,9cac3e84da757941e95160df08fd3251f1d8cc3d9b537dd482799e2a3aea18d5,32B,bdb2b00f3b5633b1f72604ce212eab1df263bb5b2271a5533db9eb35949d5c62,492c21c766c3ed4d4c83f841c63f9653bc2aff15a3b29075d30caf66f6884f41
B1547,P1520,6F115,2025-04-18 11:37:36.952,PENDING,2101ba54061d9495ac2fda1d9a8abfc9dbfc54b8bc239530e81e07a5a99850a1,16C,1671a631882c10efaafc49432f1179249b32121660c8054d4a77648202da8a35,889b6ef43b0094d03aed8d0e11318d76eaa9244256c8331f18212f78f300889c
B1548,P1078,AI020,2025-10-04 11:37:36.952,CONFIRMED,d73dc68c4e326432a3dceef93acf0f7a2244bd3b651aae2f1426ed46f7af8baa,7E,dce5255918692fe042e23e237d84be2259a41419cc91182f031d3852208c1b90,bbf7df983a6a9d9a5b50da7067a2ebd2960d28f565c668ad0b21d9b56474546b
B1549,P1051,AI020,2025-12-16 11:37:36.952,CONFIRMED,67f0d93bf65ce35cb30af266d5ca6a9b0582d57b7ada032dbb7ccaa60f5bff0e,24A,e8db6caf4aa8c71730df0805bd6d8cfa7889ca86c108d5bece8d5d13354bef74,bfdb782d013c1567455d0d87218e4fcdd0b6a988fd56a6dc63e365257efe6cc2
B1550,P1897,6F079,2025-12-06 11:37:36.952,CONFIRMED,0691432311c289a4b6a1088293087597ea44377f3c0886bd3b94018531e56bc4,10D,00a8843b328d7e61d333ab36ecec6c499903c143941f065c0df11508395283fb,fded33068a78f63dda62c0186890c16f1e8e11df618abc3a8b1d15b01a901277
B1551,P1920,6F104,2025-11-14 11:37:36.952,INVALID,ed9c985712a982ea0785d423e9d2bd86eaba62616b4aafbe38f256d48a941efe,8E,c809cbd46cccde75244c780cedc9859a3ea1e85b629041d0003a0eb609312e1b,e1674ecbfafc06816caaf5007356c7bac8b50320c00ea22feeb4c97f3ccc7232
B1552,P1780,UK046,2026-02-06 11:37:36.952,PENDING,68f96837be47df0ef0d8abe73fd00d87a671649e5c76d8178e126b1c6ac91aea,32D,88e64c3c59dbb3198df481ece17ba329c53263722437dcb8b4469c70cee691ef,3278a4ce0d5e945d428f778cb1bdcf98c721aaf3ac18889231b8c0af3fad7675
B1553,P1225,SJ217,2025-11-15 11:37:36.952,CONFIRMED,327d7923ba84dc125d313b3f313997abf15e09a193a41fc605cb8416560726cd,33D,aa05059a50b090f26a32c0d198d48e91bfee307ba70d7b01b12990f2fae5815f,be9c4dc4177d90be8ba2419dc35184eb36d90fca51ff23641d2d246d1dfd93b9
B1554,P1050,6F142,2025-08-26 11:37:36.952,CANCELLED,90587db3ca08d8366e3847926cd68ee8a2b8cdeb072504a7c8ae1e09fc4072a1,8D,6f19688efaa55766383e5dee25145e5e30759cca28e61471fb928985af7e526d,1e8551e5f564e5b92d10fa4dc536ea693f5a81d42567f73beae410e0a795b616
B1555,P1185,SJ139,2026-04-04 11:37:36.952,CONFIRMED,d02b268ada5cea55f3ef00d66e8c2ba7574c891a77d9807514e49adab6d58988,3B,becda81f3b00170324b8ba1c68ae9fb524ef1f9aa8660a1063e2a8d2ac217c6b,328071f1732aecb52ce9b673e1a0d430f6412eadd234135f45b09e61f3c6a3e9
B1556,P1033,6F059,2026-01-18 11:37:36.952,CANCELLED,a8be11d1dce2fea4e7f9365371b412f62737131578a48a716f497d93c306849f,31D,1ffbe7ef097add29c8045bbf5bea9c21a57e6b45cd4b6ac06711a766d7a9bff1,9dc5eee1f88869d03fa952a79c048aed6a83ec73cd30fc0a9d5e0862a50f9869
B1557,P1802,6F067,2025-08-10 11:37:36.952,PENDING,eb5f6e33d1cdc45c8e41284f6380de46d106d1ab35359e26201f424b8b6c4c92,17A,c8a3f10551187d54e55558f73a0cddfb49e94fc11b8e3f1139c5a513854d4ad5,0ca5ec2fd04107d0c00ed3e09053343c35fa40fd71d704842169b97171346713
B1558,P1741,AI007,2025-08-07 11:37:36.952,PENDING,db0b8fd08bcf3be49b9874bf04a614b9f53463de614a8d491bd03307c2fd62f0,27A,1f25760d36d1754f51f5eb0033029aa00a909f127df72819de7f65d1ad2e78ad,72649f4a0b3f7001fdef9865978c03722b53fd1145d2b1109cdf4aefcc296cd1
B1559,P1130,UK202,2026-01-20 11:37:36.952,CONFIRMED,22bca92c99154a516795fdab44cb22bf4b3a9f7dd59fbe6876e57d625033f093,5F,6bf8140e2f36212b8650822f50bed372e822a978eac0b3ae63e5bb1c750530ec,b9dca3d610d5c263de467c8b19ec059ff7e3d442f5ed8bc415c0c7bc09ba55ab
B1560,P1631,AI200,2026-03-07 11:37:36.952,CONFIRMED,a7354c849bc2dc639885847a4b0b550b94a281f42d7a71172dd63da132d00891,18C,e54d729499ca2f3cb1d3d1f1c4226851f5482f75c62b5bcfe465fc2cd057de83,5dde1b01cb78e044fce5e33b6ff4eee8a2ce4975e25e71e11824b9a3902cb1c8
B1561,P1442,UK172,2026-01-27 11:37:36.952,PENDING,e4c409c2bf97fed9b36ae59e0a669f14ae35f55db732be8e50af2929630d13ad,18C,c91629e2cb64c3ec342aaced41b61f46419160b113d998a42a5fbf54ed69cf64,c21e92080f00153ada762d5a1e4cc3a125539c3a70bf982f06a8ffc29c31a1a4
B1562,P1837,6F214,2025-05-01 11:37:36.952,CONFIRMED,d3cddf774a5c01476a495a8c64f828df50c28c2c064e609e3f4de23daf54c2db,10B,d8ab3f73a37fdabe4e40d861a4e5bf14a337b5ecc9cef481c6f318f3e355d369,06463739222fefe3734d80aca218bbd0554912490dda090fbb0dd60f0ad2b13a
B1563,P1758,UK037,2025-09-11 11:37:36.952,PENDING,47f8762b8a9e4b6eec1af51d98367dedaa157101453f29ebeea4e8e534cf6994,27B,9f5beec5c35bec0f3213a6fe6ef048db908aaa7c43f05b4acd00d0a8dc5e6486,eb175093f41e57205f2f61f12d8d83897be7f1774a6e18c9822be525958355ed
B1564,P1431,AI022,2025-08-14 11:37:36.952,PENDING,19bd6375ab34461576ad6e4f0545542738c3af022e4f73d2bedf0e812dc5e43a,17F,878ed7f865ff30d75b05b56bfcab2db7387462dc7ded34cf8ea4f40081ae109b,305581574f5192ee53a9b357bd4d83a4509dadb42848e0ea5bf5944428eff0d5
B1565,P1703,AI243,2026-02-06 11:37:36.952,CANCELLED,05eab4037205fdbad8048c4ef6e4aa9ff935b0f66950dc4e2863b9b5a6406637,20D,983582e714cb9b936e1087eb4dd6b564282635985bf770848849371c893c447b,a1fdf28d0dc92e8a883d379a64023d10c7da8d496444996ce94f35521c1a1341
B1566,P1496,SJ174,2025-10-08 11:37:36.952,CONFIRMED,929b517da2f662f3f1b9665859b93da7688edcba4bb2b6ab9271cc5c9e4045f8,29F,95f8c8dadeced38ac05166cccb754f5c6f627f608eac8bb443f521991a0ddec2,582c9f2dd3d656c032087ce783ff07388bbf9e5beaa1730e50ef8b1403eb40e6
B1567,P1402,SJ079,2025-11-13 11:37:36.952,PENDING,ce3f5b0279ed8a4d956477239562bf89acbd0323928164d70632f60ae3d201c8,9A,da60b99afebaceed62ed3a6d37116571c94eabedb0cb3c605e0458e962f9109a,feab24585138f05e9685b0572077b854b76195341055bbe7756f0b7378df920c
B1568,P1322,UK097,2025-12-21 11:37:36.952,CONFIRMED,d2d204a15dc3e2877c25f03ef870931a760f025e6876ac2781f66d8e9d226e41,21A,dd163c8c94065602c28fdb7d3059e5f3c1dfb63c04314c3b0435479c27297883,5db4e8881f93d2587095830136e96067b0f858e82f7e378336232711a614d8f5
B1569,P1209,AI013,2025-12-26 11:37:36.952,CANCELLED,aeafdcc07301c67a66fda887a166fa1ed496b3bdb12066c1d0dd0e670aaa49e5,14E,eda2c9a61da9fb51e61892bb3e223d1ee01303f7095f990ee4b394ef1772a133,b74506e756836473d4017d23149117bcb831ced2740980ae36ac77a608190726
B1570,P1614,UK196,2025-11-21 11:37:36.952,CANCELLED,46cd253d0ddfc280cd5e312a8b3b580aca96642e0d34b36353d2eb9a81413292,25E,d7020824b1b85a1ef09de5fe87b9d2a7d104d4e0dd582fb6d47cd28d6a7981ba,3245205d49ca857b90270212fe964fdbc2513efc28e1f55e35917d9efa6003a8
B1571,P1328,SJ213,2025-11-06 11:37:36.952,CONFIRMED,2c13d59651525445fcddba7bef8a8be50e3f77648e815c63b54236f994f5273a,2C,fdb64e39a4348c3361b31a6519b5b1d8514a12a39a36ca33c0b67d52166f8337,bf4547bb6debf8c57b7879d67b28665e42978927c47cafd1121e5fa0771da921
B1572,P1371,UK119,2025-05-26 11:37:36.952,CONFIRMED,8685742643f91937706de31345b336e557bac1bbabf00b66d3281d4a065ce810,5D,d72eecd71a049e8f003f11aee8a12b489c1fcb452feedd12c8f9f4b0fd7ad66f,900faae9aaad145860ea73039c221bc685ac4fb7b86504d306aeb895d565669d
B1573,P1459,AI043,2026-03-18 11:37:36.952,PENDING,d508364ae4a65b26ecc74b7260994ccbc50a7a933a78c3c767527168f4f568ee,19B,b0363a182fd43c1b3b19e72262b499b5c0defde54e0da83495493bd0af7c1ee0,64a27a3c4255baf0165756f7485de0fc441b89337680e88bc5c96d113c268480
B1574,P1132,AI043,2025-04-29 11:37:36.952,CANCELLED,354fc8f9c9f50c0459aa3c75d27bb7445e888d4bb1726ffbbcddb977f8f2b2a4,18A,3e512ab883f85e4e2b513f887071b73883fd73e34a584133f1196abf18f84e60,e979e2af9dae36fde0d46c700d673a5a06629173a0c33da3f61aabd778e19077
B1575,P1834,AI143,2025-06-16 11:37:36.952,CANCELLED,589aa892161cb27c820ff093570e9e3e67b879eb1a0a78e5f618fceb3a03537d,2B,c9f55d0238d7bff74ee29a58090890a3385efe7d7c6d93b497ac8a4fb4ad8919,5063b33039f368ac031ff50398ccc54a732ffe83af97b6af778b9fc065a0f996
B1576,P1650,SJ032,2025-10-20 11:37:36.952,,b63b8cf743f305554c62b27a7fd12e1f2823347d4fa6b0ec57a9f547130417ba,6F,56e1574faf8c1d039891da6cd51f5626ab4f9314e8928a2e86bf61f472d0bd7e,d038feac4a6d8627928901299a1ebaead0b9007289eb7fc146255bb1bec79eca
B1577,P1120,6F050,2026-01-24 11:37:36.952,CONFIRMED,68073d18015288515b531cd94747508bcb82979a66387b1bc6b69def38bfc1b2,23A,f0d4a4374216e47f2b504847c7ec83ec8707755c9fe38360610e9ee401ac15e8,fb3062189556126977a8c6b9c3aa43aebdef9432e9933a751f7183a7525b979b
B1578,P1605,AI134,2025-12-25 11:37:36.952,PENDING,6b971d54c209110c30956bc63618e702194d39c491f79340cc36756fedbb658a,6B,fa9de7a2e68d66a1831d14ddf2e72fa02022b8c9e4826a73a36bd1048e74446f,96b929c12f6238c396c2855a19f201cc40ebdeaedf9a6d6bbc1110e35b22f36c
B1579,P1451,6F182,2025-04-24 11:37:36.952,CONFIRMED,0e5d2cb7117cad6aa05deaf99d73e6489a83aa853f426b892b603c6bb6ae1967,28E,4b806538b48f2f0cf97cb167a42433e97e2f639688ecbbafc0c88c8a6964e6e6,ac55b112a5242e4622795e92b01df4b24c3f369f8117d4cbf4b13c7178a6d955
B1580,P1964,SJ086,2025-10-08 11:37:36.952,CONFIRMED,467cb9edc7f56b1e9650e98df33a3ae703f30fac072633f4533b7f01aae005c0,20D,8017d3f5b6e0533daaf0a6f2176995d000a4392dde6e4a54cf98cd33e03ccc23,aec05d7b7ba38ad795330b7cd6ec9854343974c1d5e178f0d87fdbb31643b89a
B1581,P1128,6F170,2025-08-06 11:37:36.952,CONFIRMED,8b38c8bc31f03a953051381a06cca4cd367789794989c90034b0b36e9aa8c336,3D,47844d39242f1ae2c52c81889244548162cbecdc4f5b590bfd6eb7796752c15f,edbaacfabcb4dd1e1e561a2e47ad7947e2c078e2c2c14a6e2935ff4f7ffcc6ac
B1582,P1090,UK168,2025-04-24 11:37:36.952,PENDING,c828971554c2ca5652fe7f5489ee3a18957430ba20de3a192a36bdac455e956c,34B,58b2f15f1f56e3e7bad1911cfb81d2828babe795d5a3ba280daaae0b7aa3ef3f,7744390e279593ff196e415d6ec21d942044300f71733a072ab9dd179ea5d163
B1583,P1603,SJ072,2026-02-22 11:37:36.952,,60c30884aafb820739c8b489a1ba7b80ba746358480dd6550957c45bb7856d0a,33D,980194b8237d69014fccc587f689c3f32299689b6a0774942b60b8051fc994ba,909d97b8c3dfcaae65df34b38a2b568bc71a29bc8f8d9df46ac8bae7a39859e5
B1584,P1574,UK075,2025-04-28 11:37:36.952,CANCELLED,8808199079ca16ac79a74160263a0cb2f5a2d082454aa4933068afb2fc095922,21C,31a3e134b569527431318cffafd231567ee12cf50181802ab8ebb33021a20ad9,9e7fd8f14d640d1d43709dacd4a29a21b2ebebe61f5da58df641b14f131f60bd
B1585,P1028,6F233,2026-01-08 11:37:36.952,CANCELLED,a594297ee416bbef8c48a7d52605e6b1896e8bb851a0048622ab676ee3663f03,1C,846a9847b87a2f2841c4601d083a61aa5814308a3fb39da8535c023c8a055984,d25af4881827cb1315ea93dbf4f276361d3854f0207a256061f503a566c8ecbf
B1586,P1721,SJ143,2025-11-13 11:37:36.952,CANCELLED,a691462429b9550d2a14e5b2c6abbda569dffeaab1ecea405e68a034d03e17b8,25B,529ddb61b49e08412b95fdc9278b2027ea6317ade8406b4d43be04b16c3f0c68,3faf9ad09aefea90f579906ec216327e2c96ed46b83b8a5baa555e1df80a8e7f
B1587,P1523,SJ246,2025-06-28 11:37:36.952,PENDING,5259c492c7710ba1213be024f1e71e562db86c51bb3e82f1b840c416d093801f,34E,2aa869bc8e074ceb4276e74a52f4edc27124e40d205d9561870c4895d700583d,a83d164396368eef0a37f7076005f188709a2f25ce2a1b3fe7be2cc54e069d8e
B1588,P1332,SJ247,2025-11-04 11:37:36.952,CONFIRMED,2a4803305cd02857bbd9cbc896ea36dd6576ed5dc3dc5ca34bae43487663cf1c,10B,fddd339ce2f1ce4d917bbca0679ffb81e997c5a91231e52e65eb4ab40dad4eed,856ec265121071898e6e8fae0e9447e3179f9632eaae08aaf1432ed05beac0cf
B1589,P1296,UK157,2025-08-31 11:37:36.952,PENDING,9a68f2fde5c292642af815fae1bf5237515c8efa9eeeca1589252999dcb09944,3D,233e9ffa95a33e0a271cedbf8b9a09b67f35bd52ea086bb9766b5b7cf75106de,7fd170d8308a8d0fea9ed918180f2bd3c9f7234e302df97104defa988b2801fe
B1590,P1129,UK069,2026-04-01 11:37:36.952,CONFIRMED,8665d4d18dca34d8e907b69724e21509aeb32d6b9f5443f6e937a296133ca88f,25B,c51b23a3aa53176e0f163c83801cc9e5ac6ef5fa431a009aa24100f2b5bd3ce7,0cfb4d8e66fa616faf19813e226f067f54afdde0fdb96921cf2e68e0404c326a
B1591,P1292,AI106,2025-11-20 11:37:36.952,CANCELLED,c4a96038b4f9e9072673f93977eef98634a3b631eb3ad8f6da7a2126cf6e6363,8A,ee903b1a58b1a7c165e5fdd157adc9c6a6bc5f5453c2548693578ec2db003106,7b75f73a87c7097ccbad255ae79225f73ea3eb0e70f00fe22c54466d37ab5eef
B1592,P1172,UK085,2025-11-17 11:37:36.952,CONFIRMED,bfb12fa9d66b7690439d44a2ccb431ce616adac8c05658ff3227eb04ec5bf62e,24F,95c92ca1409c4ac5e7876c221de610df16041693716aeee04afad8af59070143,86afa1a1722d917e880ae60dfa9c1e32375c31ce803a712dab99c2dc8bb2d04f
B1593,P1719,6F087,2025-09-24 11:37:36.952,,b6d47f8c80fa1004c544d744bdc3e1332f155cab682b02c88bcef88bb0b4779d,1A,045ac3c2f5507aacedcab6d060d6b55fd0766fe8f7c7c6f17bb9186259773404,365471a9d13f65caa6b535afc942a5ef47767266aad63ed8c23ac4ad92168675
B1594,P1943,AI067,2025-06-01 11:37:36.952,CONFIRMED,aaea2ce38aa9005fdd29d85101918f87b2faf46637d0553d1aa9a5c6a8722d5a,25E,afbff23241bd39cfc9107b31a29e0d474772fecb01c9e5da2805a90e8251b402,9d7da90b610882ce481ce782c0d465bdab9cf617f40b4c6cda9ae5a2840be0bd
B1595,P1023,6F226,2026-01-07 11:37:36.952,PENDING,171725b3e2f4f8a7b2f40c65ccd0302f4ae4e77948bf25d8698c989cc2888e3f,4E,0f613ef3e8afd8bee8ce4f200ab62f73d25c6b75cee75195511fe874219b55cd,9751386d7a21d2002de5c913c34c1da68e1c4fb91bc1cb2ba1f5ac609a8675a8
B1596,P1098,SJ210,2025-12-20 11:37:36.952,CONFIRMED,34988969eee46e40feb29de238dc3b58d149a3671bbf308ab731266e412319c3,15E,59c9395f47b8e5d5e135251781ca68b69c233c6c7b11ccd42ba751dcdc1701d3,b19bfcdb525661d62b93bb4aa645eb24d40d9586033a5790c5b7ebbe359a5403
B1597,P1405,6F269,2025-10-23 11:37:36.952,CONFIRMED,4a123b9d3137e4956275825f2c230b789b04f7fa1231444ac48cb53c53a884c3,33A,5bcc5626bd2c0da0d027e606f2c9118ed0f409f0a7193a8254a96695f245cc13,2b8280d1f9de0f325e407162af6abc6561910c260b204be1c435d88f8ec382c4
B1598,P1355,UK013,2026-01-02 11:37:36.952,CONFIRMED,77969c3eddb831d9b5e2ea3f984ced1d8f948afb9cd9ac28029623ba66691c99,11B,1f2c26470fe386bd2f096e9e623be8bf3c41e62b21c10a4692949dac5ed04746,9fab6db1c7618091508d3d6f61353b632228379b028c01824cc7d72929003115
B1599,P1138,UK013,2025-09-30 11:37:36.952,PENDING,1229af52a1691e215ecbea86802e9f45e89e5b7ff0f88e234532a081e7913281,9E,2a231de2adb787795d55d259329c0fa17329d18c12a1acce6b1c1453690a6cf1,ca977f9da4cf54356ba1a4a12257e4b663b68ac65e17559a9f5c5fbef0293b39
B1600,P1502,UK143,2025-07-20 11:37:36.952,PENDING,8b020d637180a2659678c41c72898733e8f9cb748080b70f0a8cb4938738ae3f,2C,895dae4b08562410c146e86242df934454825fb3907219027653cb033b9af48b,e684907178cca4631cb48dad96b0628e98a2e575a978573f76cdf6836907f986
B1601,P1825,6F262,2025-09-07 11:37:36.952,PENDING,401daf4031e0aac358f5c337d8430e1985e508a023734ec5285ae1a5b2c63f65,28D,53ef912df2d1db90daa48c29b6a3a252194092d10b0e330add8a885175fbc755,2f64bdd3f75b8525f9171d4cfdf4080aa4ad12f6521bfac848a99465aa1293be
B1602,P1173,6F042,2025-07-07 11:37:36.952,,495450b9989e598c739c2f02a674028cc0678812711f4c1c70112c4877932d15,2A,0a2c3a31f4cb39a09c504d15ad07e270d95ed337b09c3c46d8cc0bfd39664d01,2c5ba3bd88587767c13f6aa28e863b96453b72a4047e8a7cda2bc9c82af9d724
B1603,P1028,SJ118,2025-12-06 11:37:36.952,CANCELLED,9be67efa903416f26cb42d1fc017ccc25989f3bb44149385260380dc32125449,17E,e929a1c3df14d01892bff00b7ba7eee0ff189b12334eb9e30012a8aeab8dd9de,a0384a7e256919eca86790353c70744204c1ab6491228b48e6c74418878cd81c
B1604,P1930,SJ118,2025-11-17 11:37:36.952,CANCELLED,def234c0b75c5d1ecb108bb9a591eb372afa4b0850c3ad4ab3bf6a4e980b5a18,3C,c7df5778b70afe5ef7a40283f71948fffd659803d110ca782421cc80d8aaab50,22f37d00e428faa44c20ff422dbae27e9f474755e0b665a72fa502d40fe719a8
B1605,P1495,SJ082,2025-10-03 11:37:36.952,CANCELLED,1bb2de95b853a6df990f2d2c13b0360989174d7afd048bb270d098f3a57fedc1,6C,f0b63268f59bfcfeabe1807e8eed6dfdd8f227f8d695aa8f25d13eafcfb54294,59f5dd3a443e6ad36875b9dfb039525259d1c1f725650cb878b4d86469991169
B1606,P1654,6F015,2025-07-18 11:37:36.952,CONFIRMED,35ffd069ac415985455607c754d59f4b89da1c838ec1b51f0d88dee5ebdc0767,23E,8f21fb347fbf1c723ca74b8cbd73554ce75c8cd5bc2d3f09459eb972b14781b6,0f7a5ee9b1221c80dc72db4ef380223e65255b9ffb8e84794f4a9802ed0dbd7a
B1607,P1827,AI101,2026-02-02 11:37:36.952,INVALID,31903349f1c2eba85905c923ffa2e9a8cf6d605d128cc9cc8a41d9eb28a9da10,30F,b624824a7eeb3be951ba570fab7f5fa62f05e42836241d43f9bda3aa6578eef5,02c773024d86836f4be8b19be47c5cea36cfe40c83974be98c066f7e63040d19
B1608,P1350,SJ110,2025-06-28 11:37:36.952,CANCELLED,19cc3241f12ff2d8e0adc3c77125d7fcd74ab3bd530c4fed2352588bf608123c,10B,659ccf166b29b163104eac78fef182ba74fe709cf691fec796d9bd625b2a8ac6,28adc48c6804f71742cff35b2700fd91893b528faff67cc5c1ae1a80931927bf
B1609,P1553,SJ042,2025-10-21 11:37:36.952,CANCELLED,5af0cd586be384f47f22b1029b6ca4ba29f537c07be6cef04e2e53c87624ee89,19D,511486c1f82d0720988695070ff77b2c1de4591ef360ce41dbe087d1d4edc739,434b92c25d990d54a883b8f080935ee26fd42ab240e9a132e20b399dec0a1e86
B1610,P1298,6F145,2025-10-13 11:37:36.952,CONFIRMED,0d14865cc37b5496709db82f46fa8886391c80eda7f2308a71d3121ed4e14d20,27A,45bc50fd8a469a75cd2db07566a86aefe876488e99b55b08a787554395a3f0b7,ad77aecda87dcabab0d86910ee53d725cbc57359d74cbb8c69e7e0c55d56b3e0
B1611,P1719,UK029,2026-01-05 11:37:36.952,CANCELLED,bc83cd7d4f7b2e69a00ea3d6a6328ac81ee1499addce04e31f7135b4208d6c04,14C,9c93880b4b573e645a1149dd375aa6ade6f97062833cd4e8741010713ec0971a,f55f59b6470ba72589a51bb69a9c8152b6eec607e27839231321cdb78d2babb3
B1612,P1841,SJ200,2025-04-18 11:37:36.952,CANCELLED,362f1c4c29ca8172ad830b53c14a432d98a7888badbaabc38883d3e4993ef317,28C,a7edbe2b4936c524666d1514c50831d772a7b9515679840483185985810eb196,f33f115e1220697c7320086b9de7b2639f939f0c68e956c131ec48c3f74fb644
B1613,P1944,SJ209,2026-01-29 11:37:36.952,CONFIRMED,36f3e7a69bc2d13790e8a894c66562871a911115668d3cb98ac88eacdeb61089,6A,5efc7efe08e8ff5318aed6558293a91ec20c6fa93b4bca9910b8f377e7bc1852,806d02911333004145047f98585455af6cb1d147a204d0950b758d9799eec6d8
B1614,P1191,AI116,2025-05-11 11:37:36.952,,0ce6ea43c344e22757535d637930bcd151258570338b269cd62e9c619df19cec,30B,4c7657d393246544169326f5638a0b4d894beb5eeb40acff1cba3b7c147e7416,17215bc71569b7a171c48ed85481ef6617db3c3f1b11f4b6f6442d718a687e5f
B1615,P1671,6F117,2025-05-23 11:37:36.952,CANCELLED,1e8011c366fcb76760042a444e32c9f3ed0753ec855fad78672b049b4d8a168a,33B,d74e1912c02f6c4b4a49125836e258175dd9c6dc569e5dc3a04ad5c6cc075fa6,8385ace21a6ca7d7613e2cb928110c9ea3b8eb5973d68065ceb13b4455ca54be
B1616,P1063,SJ181,2025-12-23 11:37:36.952,PENDING,98281bd664be8df030f4a802f10ee4e2d73a3c7519a0dffb1538db7f2e14a405,17A,f0770a4255874c7350538be0108a8d2a666611a7dae42dd5cf52a72108052f32,0d888e73e9554d378f9261ec9bf7e53705c86f8d8cde3bdbf5c88fd1e81a8e78
B1617,P1754,AI070,2025-05-10 11:37:36.952,INVALID,21f4515e5e25841deac42b4b7a7ab82622d6acc519bf75e5cdbcd21cd83df256,18A,1713f10e66fd3ea8c6fa5aa96e6cf3d0a438ae67613ad2c85f9c222cfe46e89a,8c45ff129050c779b0d82900de1a02ffdee15e3b97b3ccd714683d0bfdd1a563
B1618,P1769,AI070,2026-01-19 11:37:36.952,CONFIRMED,a74fb0fb0ef754576acafd952f52601c6b8c4bdadb1ee91032b525c18961e42e,1B,9cc09ea34e8081d409241eb0e117511fa412d5671c3514ddc1608be97f7da41d,19e9d8940c5ebf4073c2352bdc5b78f5acc2f6a072a12ac2f04a9c0ef2600dae
B1619,P1663,UK042,2026-02-05 11:37:36.952,PENDING,35f6b0b3061afb9ecd49547631aeab3ab63636d893f2b098cbdbb64f4df2293b,13A,68686e98923cc1795b83456e40e0c7e0fd80ca0647d0b686975006c340ae05e1,28a09cac59764b96138e9e3a9c3d3eda657068832f5adc94c5e77f8db4fd3bf5
B1620,P1214,AI169,2026-02-24 11:37:36.952,PENDING,d565b8fae932abe0ab78f3d66e622c64933f9d11ed355e3b20c7046d61958874,1B,ddb818d3d786cd452d01ce673e2f3a52e1fc05ee7bd8ed4bf72ed6e314448796,59b449ccc128a7ee3b69f45bc4e5afdca1c363c4eedf0e930206a8a1a964011c
B1621,P1833,6F021,2025-12-21 11:37:36.952,PENDING,5e348003290cc55802633c6b7c925a2f32abe5d0993eddbbb87f941fc446581a,27A,b1061bf97368c059b5347c8fc3447c6a75e1113f809effd796a00809ab9d8084,218798f2695cc8c2f1ddc5322bab143e9b78c501fa2d5bcecf779a6313de6c21
B1622,P1165,SJ046,2025-06-23 11:37:36.952,PENDING,0b6e015de6f981476050ecaba97e69c3e347e11d93177ce8a6628a2458d03dcc,19F,09d54149707205b3515467a5bd6d238b095efebb0e0f02408da71cd60df069ab,7784f14fc44073cfa3feb7670a4685c0d8cd547bd9a0dd38dccd0e9fd336466d
B1623,P1542,AI211,2025-08-17 11:37:36.952,CANCELLED,b36653540e86085dd458cff345f5505a6aea923ea93910e069d467eca88d56d3,22B,dad2f89785fa7b597205a9202ac12aad2f508ed6ee7ea98a0cb35e418895e558,81295797b379b1d8b6c32821d690279a161f5edd72fd881eb53ec4bc474ba8ed
B1624,P1882,SJ091,2025-12-20 11:37:36.952,CANCELLED,4aa292eccc639cea3e43735013e104b18448ce780c3df929eef27c3bdf3875e6,34F,1c729e08e490c54fce34bd9a90504ce30c21183903040cc20f7d5c5f5e77482d,36ff4a1af3ca299792bbe61bca7aff7b41434f3b01804ecbd65e2b5b04da1afb
B1625,P1231,AI123,2026-04-05 11:37:36.952,PENDING,165b745f5ed02eebbd44517b434a5068bd6d56f343b0f79698c102c568103beb,7D,1b4b5297ba036213f594f6184e962101b62b829531be0e7640250bfeeaa36d70,2e6c59b54ae7c4755a879a3c1941935693a5ac4f8e677c7d9dae227e5727990e
B1626,P1793,6F053,2025-04-17 11:37:36.952,CANCELLED,bfb888771f3080fdde82ec55a46ca6e9c2aaf00343473cf379483198de2db70a,25C,ebdd915d92ef3c85c41b7c10acd2d4f3db41f9b845577635f47bc97dbee81389,9b172f33df47e3043b6815771d72e0446808dcd6d38e3f51fda844bcd11661e1
B1627,P1540,UK012,2026-01-09 11:37:36.952,PENDING,77d9cefc7cced9b07aca5cce887b0a1791a5aa19689d25fd00aac9224683bfa3,27E,d6fdd75eeb74bcc69101ed9ac2c7fdaaf37b0486f98fa49a0b7e3f38aa5af198,5bfd85660d043ac16de33049728e2082fb322c5efe082e4082673947902c6f8f
B1628,P1194,6F023,2025-11-25 11:37:36.952,PENDING,e660354dbd4dbdb97609351b6566aae0af518354a0cb04b34b0d75d4c8081626,33A,765edd1ea03eb68c4e21629af4a3ecb551051b05636ad29cc6d4a9b2cb2370ca,cb605e4e30385a3baf822fe1485664f8885c7684be6cef95047ff989dc4cbc94
B1629,P1505,AI250,2026-01-02 11:37:36.952,CONFIRMED,4142e92c8dd6278b20696b25930b548f1257a21d80355d86fccdb8c2518db85c,11A,cfb9cd5ed550f004789cc49503fd1a62e3aedce7750a281775672cca0642bc2f,0a0f7f070270883a31ebfb28e5508de42facd9f8bb29496d63b003e4ec62e2e9
B1630,P1333,AI238,2026-04-07 11:37:36.952,PENDING,fc03e909e8a5710c6eea82fb20d708794049f993c9a7f0138dee4ced49d44559,26F,de62510563d8797f2288da5def428a100154b07c8d9dbd490f1236ea368c0f59,abdf905a0e7a43d302524b511b5b16216dac9fdbdf1617ddd90dc72282777a15
B1631,P1767,UK096,2026-02-17 11:37:36.952,CANCELLED,4adfeb15fe587f60bda9c9cb1fe445c8b18f49e81ca5c3d9fb3244a2b3ecbbc3,24F,42ea272ca4aab2ce0b48058e5d9299b64d6e62780ae7ff6985e7410698c998a8,6003d39db373ee17175a7366cc253b6af9dbabe726b89b08ffd58ec94babeb8b
B1632,P1792,UK126,2026-03-30 11:37:36.952,PENDING,5a2fd0bac26c9c553a7cf0e79d0dda235fb909aaf13ee975f958d7af28bf7605,1D,035ea0605e68b37ff173f0b8e49ac2a26d07110c6b278e61c5cf68f66217332b,31c78aa43644b58c646cf0b50792917fe5506be5b4daca4f30b1810fd99b4cf4
B1633,P1303,SJ195,2025-08-30 11:37:36.952,CONFIRMED,b2d7cffcbe296ffe43b48c5a281559d1739bcc8024698888ada73e29bbc2de68,8E,30c0fe82703f8f628b5b8a0ff446210d0dc6721ff02305e5a2f531aaef2edca7,766fa5753139efe5688f2431c67b2b970b974c0cf0b0a5ca8a4d442bd1da6fe0
B1634,P1832,SJ171,2025-12-25 11:37:36.952,CANCELLED,2a5178901251bcd2883d370bc10b7e38b1934a0d3905ac55254d75285f032b45,1C,2b445371e47986e4bb25f623b43e0527f3ed046afdd56e9ba87816e152e9cae4,a9df1eea241ea8e52395ed88317cbf2d48fe808a14cd7c2e79243def46dfd46c
B1635,P1436,AI136,2025-08-14 11:37:36.952,INVALID,b309beb7f6765ec7d94e10bdf9eb3f5c38a82b52fc5cfc4e7b4b8e7460500321,7C,410ff6fa23d2a03f9c16610dc37dd4e503faf6071562172e47e29cc6a3bfd175,5c9b66428b66111caf14077c14daa982a403fc7513ae12485bbb73c88dfc3822
B1636,P1322,SJ192,2025-05-27 11:37:36.952,CONFIRMED,4c07947ec29f9f8eb077fd497bfd2d722ec2e62ab6774deaa7b8d25247f195f0,22B,cfed127fc78eb50a9146aeea15a3b4cd90c69897f334da02ee64e312615f22ea,a8f5b688dd41625101065b0e710406d6c7bed904f25e530b0a94b09566f1f091
B1637,P1501,6F035,2025-12-01 11:37:36.952,PENDING,9ef28d67266b2b8587e9e069b8d59e33c43eea740790da2bf017af169b8e86a5,27C,eae1b7124b3e1e820ad6dda25447e6a08e94578eeaa7d47f0cc665786480bbc8,fcaa53392096a93f02c62fcc424e96d718b8185d1b232b2c37a9bb38f263bb4a
B1638,P1857,UK088,2026-02-23 11:37:36.952,CONFIRMED,3b1ba257ab17e50995fc934a9d9fe7cf1a43d14fc63619dab231293e2c0570b2,22C,04d4a1f7d3e7092542d614c0afd9c2f538588e2f4d4a4d67279d9f155ebe4c7b,b1b66271e24fd158415129e52090d302e8743a9f0a881365fc99e86ce1841ba2
B1639,P1913,6F009,2025-09-14 11:37:36.952,CONFIRMED,99a304cb3a4f0714213282c70900746dd74004f058691ab972deb7187fd28f4f,24E,d151b93864d2317c630a573c507737f8be8814f54506403bc4a574378226065e,55ee6c2711cc23565d720bacc8461b996f3fc45efb788aa7a0e2efc3ee553f06
B1640,P1392,6F004,2026-01-28 11:37:36.952,CANCELLED,0dfa3d2dc8c7955279553fd9b434969d6ea71290b779f541137cdbd95539c0a8,30B,7eab4709c9a3181f562c9848ed7b3fcfe4d6838e2b137d9231177851d2351c7e,2e145078ba2f406ea8d0633a8b8aa8067aefd0bfd4057a2d73e4b3e8b1544ec7
B1641,P1805,UK122,2026-03-27 11:37:36.952,,a5a177db9d351cbfa115988e10cc1ab9d4e3cc237371f779459d05acd1e79c96,28D,b86a33ca103282eaf50642e00cea8b31f0ba0bc6482f8f5326808024d1fb5887,10652e1a2225c307aadb393f1a6feb7536d307005786e3af528bf02c677ca931
B1642,P1598,AI251,2026-02-15 11:37:36.952,PENDING,8e5bb2f1f092aa3218c9dda46065b9191625d1d6ffea0b069ab14f9d9e76cf38,4E,11d1aa64696a0d2193582eee246eede440e1ab68955511526810a2915cb4c93e,2f1d9384bb5f631596d16838c4d0001fc5a4a0a9d3ba348f57bda024e9d03659
B1643,P1148,AI027,2026-02-04 11:37:36.952,PENDING,21f4ba7013f69a4083864f0d557ab6a857ce19dbe63bcea75dedfcbe5240fdb8,14A,9ccf3c627f3de1d5642c4dbe9d29fca6a24401d9fa5f936d5db833c8f9416ed8,50cebb66e71779e283b48e5029c55df496ffeca6550728d6dfa6e431e8b79f51
B1644,P1760,SJ165,2025-10-20 11:37:36.952,PENDING,7f89177d2919ec57ebb0ce955bee9a7ebd010dab10f3dfbc9d05d11bda65cb95,20E,617ab39a69f0721c0cab84c49add434761dac3a647dc98f91398187bbb81d332,060dbd4530efcbae71336e1b6e0051e07233eaf0dbb18a5aa0d6d44bb2e335a2
B1645,P1832,UK081,2025-08-16 11:37:36.952,CONFIRMED,0bd50d55d21c694559257336b2f109adcb559c4e48c99ef5d56abd6d3ed7e08b,17D,f5f70727cfae198bf6b9a39ae3c39237f5f6e46d04bf7f7c61ea4e68a97cab50,b2cd58cb086e21fc9b621cb4eb267230f5fc1e31afe126c1a65cdfd651a80644
B1646,P1404,UK191,2025-09-27 11:37:36.952,CANCELLED,dcb3450557115d32760688a0eddf65b4d433b3182cb7c82ee4a4059d0926c414,28C,5ba8d3ec3d0e1c07e7c7f3cb56536492902684f09cc0cdea074f38b4601a31fd,e30421eb458c69ab85901bedb6866635a367c5b64608593ad51a6d6694065617
B1647,P1282,SJ188,2025-11-06 11:37:36.952,PENDING,2a3d133a580f0244d5055aeb03d5861b48c0db66700c2255a4f87a4cb369f087,14F,d4ea09a81405d92ebdd0e0e3364aa9b54556b5b18bb3aef357e4b431b42f46e7,a575f6e3b60e921eb79a44fc500027d4d73c2b6e56cab77ffba683d55bb41d33
B1648,P1361,6F016,2025-08-09 11:37:36.952,CONFIRMED,4ccbef63e0bdf9971c5a0271cf1e1c51066678819b1184857fd3d837f00b2aa7,33D,79841b97cb035244c1fd09fc55d649b9d8fa3445c7f2e45138d95406ef98e6a1,a29543048e42228134345527bfc42bca0f62da81416ff9b4ad60dc8917b36b3a
B1649,P1378,6F064,2026-04-05 11:37:36.952,PENDING,ec7e3cc1e6cc47310a6c5b8045529e83c9e37d3d0e5a208f8aedd7efc36c3eba,4F,e32b007e7d91a33ec7b44ae6154ab47cd433b44e87989b4022f2eb0161c9c853,dc7877c7694330db04d1e4575f687d6fc940ad2decdf7cd5c414f07e8d9407b7
B1650,P1197,SJ105,2026-04-03 11:37:36.952,,d3fb11aa8268cf78159b56a1922d5bc35b93b2f1da7422853f8ba1a95a1cd4bd,10D,76c2843bb581d02f1c3250e8de2374f2bd6addf8712dff5e0b4d792ac6d4daab,d794850190e577f0e52ac540e6df981dd45b14de750a1c1d8e785160c2315aba
B1651,P1555,SJ054,2025-09-09 11:37:36.952,CANCELLED,a7c92440f67553788ac51a3006d3f594190690c8c4e318ef94f2fce31af98b4d,21B,d1099400dbc7f76a2f38454c04063965e36502ced4d8f5d15d479ffeccef0340,95b4febda135e5f31ea44bc84c904da7193695a203d07e1a5dd74e6a8122dd2e
B1652,P1355,6F197,2025-12-19 11:37:36.952,PENDING,cdd97d2f70f6382d57ae8705afa5a49f53bf2dc246c0b8d0ce00cda359a9dd5e,23C,2c84bbdd8afbd9ba978c3eec019dee81c2384b1d6bd774c37f4c279ec90a619f,ae9f4c9b28d1ecffc68db113db64bb4a542ab71d5cf8cc3d60ee56e265078602
B1653,P1539,AI040,2026-03-26 11:37:36.952,CANCELLED,9eeee144b1866f99b0d2df76e443f52e0b981aa4c44047b59ba9b1011a57242e,31B,614cd7d71e7e48c3db991bd4646c9726fb3cb7afc0c381b3dcef8141fcac3c18,9fd1da2ed929aee3e1e20ad5d716a0b3b7d78578b5f359e332a6ef05b7ad7286
B1654,P1428,AI131,2025-08-14 11:37:36.952,,3dbbdc54cf78fa74627153f9f3c73db5a5f4dd5a26659be8d94c6c0f536f2034,31A,63ead732f3a4176d6fcb968e4575f595761cd797bb116e8a94437819a881e11b,a20e7f0ebbc5a1da0e9f27a89a6011d66bea65d9616901b0e99a0b5f8dd11da5
B1655,P1016,6F141,2025-10-09 11:37:36.952,PENDING,ec748ee3966e242dd071b616eb2b3950c4a0823a507fb366c1d452aae80738ee,7D,bb12219386a8c980773abb734e5e7a593b7b21e14085ea1c4564b24483936452,c218dd2c622eed3cdab15a8ea37655e10c0d20502013381582ff72c3e92ec706
B1656,P1638,UK035,2025-05-12 11:37:36.952,CONFIRMED,41b998aba0b892c7848107ad75833c47cf0cf1efdabcfd7590b8913089a38a62,26E,d833a7c695724e4ca13f5c49567bbac3536a631b542134a10cbfd59070ddc970,d10ae42b66a7b2c6b7986dffd339f0dcda4c5c86b3703171663a4340f7759994
B1657,P1378,AI005,2025-08-28 11:37:36.952,CONFIRMED,180ed27dc9100f4b46748fc0136ae279e50a681b9db2c0d4e0423188495b031b,12B,95740749170bec71caf77c5eb083e323dc7818be3680dd5c85a02b3aa64b7964,71203a7353dd5cac58648ccbc745d4128992eee7f34fd652fda59cec207c045e
B1658,P1679,AI001,2025-06-22 11:37:36.952,CONFIRMED,c2c3095f7f47e91accb93424ab2f8d55635f6920ef2a8a20ee31dbf6af331d93,18D,7299a46f8cbd87ec9701c8f8b4154bee2b4ea00b3e2f85bb95200b5451f847d3,b51dbc6eac980f8d6bb55ca8da554690c1ca5949cc3f57616d235a27bbb2292b
B1659,P1505,UK211,2026-01-17 11:37:36.952,PENDING,57d6033ba5fe53db82a5838d6b9456095b179c9d3f7350feabc515c28acb4c15,6D,83582fd166dcf541dcafcb2757eea25a3988535cbf94cee6bf5c06c9779be812,432b8166ee949bbcc8a57f4b2767b0e290b9e7fa6ebc69a5deec42ad8bd010e8
B1660,P1755,SJ189,2026-04-04 11:37:36.952,CANCELLED,93771791c943605c56fd329f1c855f615facbd8e925cb36c21fcfaca8f9545e8,12D,192f580a14d2721ad6cd3de72a6e7b971b744262bef5d9f1aef220f9de17ac1c,ed096d35f8d03335215c9c1ea95545c754188b4234a627988639599087c4d40b
B1661,P1898,UK006,2025-04-21 11:37:36.952,PENDING,4f34bb1dd5c1aac2dbf2cac678d864b1bd910390b2a09a763cf5957b1e16bc7b,18D,2a9eec8ebe0cb0d5d1b7f2d543b39c83fdab343977737b7cbfbf9e843d426254,3392c28aa7e0097f25baf16dcad6c147865d3b7c37858892a679c1a361e0e88e
B1662,P1075,6F189,2025-10-13 11:37:36.952,CONFIRMED,6eab22ee2340440216b5b46852f6702c6251519f3338ab166da7dbe69c2bf9e0,17A,06d60aa3afffd237da2d2f6af16ec289be8fa51360b4288028012ca1501924d8,064ad09ea2a52bd0bbb95050b935c2c387c03b8441952428500fe839fb410820
B1663,P1230,AI133,2025-05-16 11:37:36.952,CANCELLED,180d2539362f06e6fcef368043fdadc847e0e419fd4ac9943463d294aafbff33,15B,1171e45d0dc3cfe5234f6772f66fd57c73d2ce3a91e1c9763c6fa144810507f3,c3bee888b832f880ffb26dd7e65d445d95bbf3f11177954942f0735d8f339f0a
B1664,P1715,SJ216,2025-11-08 11:37:36.952,CONFIRMED,48bc740d5cd7931c759fa7354a4e778dad19f4782826d09da2a8fea6fa562b06,25B,34c495d0c57ab464c5ea5004459624dc221dce82008414cd82881f1f52fe3bf9,7409f77ac4e5302dc54fb7417af824aaa539dcd952e3ec93255fd58a7c751b21
B1665,P1961,SJ133,2026-03-04 11:37:36.952,CANCELLED,23b39a585f3e43b6fa5ca3bda306679bd7fcdd013f3f1d5fe61ef3eaef2456a8,29D,9d577cf2f5a3ee76600da923e475885a131e099fa8f4f7675f530efd92822c4b,11f2537839351952dbc87a0b7884d67ce022a454dbee4dae43b731aa677de4ee
B1666,P1247,UK082,2026-03-05 11:37:36.952,PENDING,98c0dcb3e2837662543ffcfc0b2c8091e52cf4c854db339f741d0cdfe57b17da,32C,e76f57a2d2a7490fd3348467b94bed87b534858cfc8394ea278dcf4fdf36df94,c8acacbdb50f22f50438e84a43bd0fcdc04d4ecc1d12ba5fd9c8ed8baec6dce4
B1667,P1301,6F136,2026-02-16 11:37:36.952,CANCELLED,20e8c56e6c76ef8e908e9006f270974c367e303585d8bf61c25ff89701f36faf,32C,4d4b512782f58e9c9eb1dde39b2b6bfef0aa2e7b314d8b5f483cebd9e8afd5e7,23352b21a98f9cec751514dd422485c023b4850bdcd3743f047e76bb67941cdb
B1668,P1725,6F039,2025-04-30 11:37:36.952,PENDING,08542579bc6c9a81fa147f521c06c1e73a91b5cfaef4dc81dbc6d26f9978a8aa,3B,9c6af5861f7f42e344deb990d14091b8b68c121e3eb8fb9b6e97cea765056e4d,2c3b03bbe740e000c8691b3c217da8c8c7b84813df86f223dbc8b9d4e851ecac
B1669,P1214,AI011,2025-06-16 11:37:36.952,CONFIRMED,76c9be4589d3d2ea7af44bf648d90c2f4a3825119a1f343bbd5d06f3e541ffb2,3E,ff54f6987dae91fd0942abd6297ecbb75c1cd8ecc88bef1944fc682e24318d3e,2c70f9449747908b3bb1afe89397c82c7963cad659f187870e81d61a327cc6b2
B1670,P1157,SJ225,2025-05-12 11:37:36.952,CANCELLED,cb964c0495c097ea1d8cf3f134a8fcebe47080f10ee6e65de7e5784cf32515a0,16C,7078fe8f7440aa19634947789e20a6cc4f2c2778f0755cd76fe635293468727e,4a8bd6ae5af3c431aa6616c7837361ff180c8e36996fce6127d51d18190ec0bd
B1671,P1068,SJ024,2025-07-08 11:37:36.952,CONFIRMED,e2af476ea74868e91cff727f20fa729cc658d10be935444c80e18c48e773b3da,22C,dbd13b2ed8017b2c87b1d360d13ba660ba22d56aebb20dd7fd370c073d880d74,f53e88e21ef0c800f5b681a3950d4728632a4debce3481f563bd3a40b0c148b7
B1672,P1392,AI109,2025-08-01 11:37:36.952,CANCELLED,650128205a4c56282bb499374f986a0a00147acd99d1752c8206128142604375,14E,d62a813149bc0d2c766530e6525108dfbf8e2847a5638f9ed2e1df6ac1878b82,e220c76d523da2e2af89a6e9d9fd49ded47aea00072de620ae0514cbcc73b692
B1673,P1084,AI147,2025-06-12 11:37:36.952,,823745f06bee486452ed54941a0896edab25d433ac003559eaa00fee2dbe983e,28B,ba92373260abe10557a58a1c805f33df71a9aff5b5cf0329df7f3763d6d88233,f5cd08c75d285f806c3d3fb50c27d12861f8677048eba7433402e3bd140b9b45
B1674,P1266,UK057,2025-11-03 11:37:36.952,CANCELLED,dd3467605c235ed48e0e6dc9e96975bf446f633c432626d5068230bd0b7bf280,18C,311c8a2d1e59af835fb10666f7cb00458f2928a99798377c22b5468f0b75073c,32f6f61373fb41942f8bca6bcccb5fb52c2459c98088dc65960b2925787f66a0
B1675,P1068,6F111,2025-08-01 11:37:36.952,CANCELLED,a7cec80fbdbc1c3be346c196dcd5d1a4a98ec4b1b59e2d2f9de745a586d2c689,9A,70885d2ae75056d53666ebe52322f16905489302f373c3a3bbafd52aad0fc5a0,f1d96d96770c902b4a8a043e23e0be6495c1ef232dfb396340062cff1f0486b8
B1676,P1610,AI197,2026-04-14 11:37:36.952,PENDING,9111e950c2dccf9abc029c423d8bdcae94696130304dbce78af0b947bca9ba95,24C,0bf12dc89c068676b7f27af852bfcc9f4210685fb78234b82828a9bdf003cb47,532fd699753613f71666a27fd56b6e576f0a4f6f98beb428404624e25106bdec
B1677,P1346,UK127,2026-01-31 11:37:36.952,PENDING,84a57e583b3fc3fc3c7008e4fcdf8bd053622942ab0ac54e9938c428a09f81b0,29C,3ce8d069669595f9953bacb8dcd0a37c9397aba01b12b4d11b3c6a3c179a105d,e670b2e22015a8cff2a57da0cc105dcc7d2c141618ea4f67a57ffce7acaf5a4c
B1678,P1961,6F240,2025-12-31 11:37:36.952,PENDING,51d9180b215f977557cfc1a9625313f0ff03a324b1bddc50af350c99c19b8a3c,24B,26126028e576c798415de76d4c115c15e28a746480c561bbf7b162b2276815a6,af9396410b15696b6cccde7f2956d069187cd2315e6c69724f827a22fc2ea0f3
B1679,P1727,6F257,2025-08-17 11:37:36.952,CANCELLED,9edfd73850d65cef58b94746eb8a0991a8b9e9523488aec06412be4712057b86,25A,5eec5227712fcb4a4734362c1c2c9937fd8801f5feaf78f73e27a9f0913d1dec,a925c9e46df74ebef6418ac4a4a01e60fc667bb591581523f109fff892098899
B1680,P1926,AI253,2026-03-19 11:37:36.952,,336e0a1cc660d92e1a8e081c15561d3cba85916d602ec7bc69f106e9dc1296c2,11F,2c295afa8983841d44f8a0e0c8bb96755342929e1b2c7a0371b2dc2c4e9ed00e,995c0ea4201564e9dc02a662ee8fd2df86e633a85a79727da6c322954e53ddc4
B1681,P1672,SJ135,2026-04-02 11:37:36.952,CANCELLED,df283b8533f84ceaabfe530012193ad0a656096ece9b22ce72b6a2cd991c3bb0,15C,db35e3722b93bbbd1d839107e4fe25ca3a8db22c8d21045b047e586233588330,29715cfcff335eea7b7e56ab2d52e9eae40d1b86a1c8c8a7fd177fad69364ab1
B1682,P1422,UK112,2025-07-10 11:37:36.952,CANCELLED,232d1c0d9502797c3d1ede1c44b2a2dc72a0414340cb99b83a1de649a470028c,20B,d908bd5a4124142aaa83c12181fce255ca774a7392e6116ad513c17c0e3a05b7,a4b1e50e7491a2b85aee39de86619e33c3dac298914ecfd2e6a43658e9d6dd85
B1683,P1605,AI050,2025-08-07 11:37:36.952,CONFIRMED,9f61d041b615380030761ce903ce215e3948337f37bf514e79d6d6cb0372c2e7,9C,57c96a0a507613185f5d217c775c2b7ed5a78b863abc6971c20b9bc60f89fbfe,b1edebf840d4e53edd75dd35d4b89092fb25ab8f8d367e32cf7f6470c538448c
B1684,P1173,UK060,2025-11-18 11:37:36.952,PENDING,7f3a90ad9d4d71b27cb739193d965999f40f3cdce051a5622bb6d665718a886d,8E,666241e04c48c6fee79308bd1000357fe48043d99ea4cdafb5e395aaa7ef8034,fad603c10b789d7955cee33af00dd5b7838e4ef822cc2ccba6f689cbb4bf14c0
B1685,P1676,SJ183,2025-05-15 11:37:36.952,CANCELLED,2df5d0e071d2793562836d03bcf44c796125f5318ec427b69238792996c08b49,25E,07f2176554b345b8d9020dd4cd2d87ecfa833772e0f7e49418f1ac81fb3138cc,47684dfcd2544729a41aa276c89c1d18cf6f9251f911f901c17152c4c5233064
B1686,P1114,UK138,2025-11-17 11:37:36.952,CONFIRMED,e2ccff8e291a3bcfa056bfbe58bf6e4aa87f6d08452d803f7f565b1b89bc6cc5,23E,920341671f7b5dda6257f8c39a06f7f48a5499aea27bb43299e05f7db912c616,827e609d81979367e9bf3bd5092c0d6d38d2a67ed20768f7d75373f5337761df
B1687,P1219,SJ071,2025-10-12 11:37:36.952,PENDING,e7deaaae6ca16ac1f93988fea9988431c332be1baa360dbd8f4d9f80b1fc0851,22F,517d689b7123d2a7b186b4cd7e4429f3a19af17c37df057a3ac869c092055480,98d424b70a1f7619cc750110ed97dfacaccc0e412d4fbe3a8a03a747add39dcc
B1688,P1955,AI057,2025-06-14 11:37:36.952,PENDING,a01873f30682f0db39d7f039f6adcb28e5dd0617b99153f54a544f0548901925,9D,6c9ca8dbbeaae0c1f3a4c33fe53aed2dbfe026c427fbcb0dc26b9b7a7c3f22cc,6e6f6e3ce63cca86cd56a7033a8d8779fe75e9fa55ab646fb24f8aa5d9e0cc68
B1689,P1030,SJ151,2025-07-10 11:37:36.952,CANCELLED,30a69f52e614decfac070ad7a6250050a5763c157081c23f39e86a05ae1a72f7,20B,5238cc214d9985fb69c7f7ac6a7fe770cd53bc9249a66217c9b4606a37f31453,42624199e76a8bb92feb9e45e7fbe70c1156219fe21caa36512c8fcf5eaa0dd6
B1690,P1522,SJ144,2025-06-28 11:37:36.952,PENDING,84cbd470a56bad5a23b8c226dd6f9a00df74f4287916f711c2bffed2b650ae63,12C,4a13a59e742797dc56617bd0ab5645e517cfe01fdc6b2f27e7b821fd43a21c50,408d76d6cea17d96f9715706b55bcaf97e6e2a2caa1a6bf85327d57420bcb5b9
B1691,P1342,SJ087,2026-01-23 11:37:36.952,PENDING,5ab2047d375d8b9bd18c3db304eccdcaaddfcbe3c5982fddd2669289d85f42f1,12E,06957b272ab001c0ec08b22949c48d506d5636bff5b7bc2e9d6f62e3916a05e4,41cd5d5e235283b703153c260068b61abf10ba8f97e2721c3c2d19613867740e
B1692,P1376,SJ066,2026-04-02 11:37:36.952,CONFIRMED,fde81946c722e21662728779b862ab437142c013c45647383edd1e28fad7d7ac,18A,018ea85592ee17cc0f9389fa96cad57e7246f1669cfb81973c26d67763193735,386089338f0eb0031969510bb37bb363127030ff2848c490ea643b02a9cc4c86
B1693,P1129,AI247,2026-01-02 11:37:36.952,CONFIRMED,fd88a5243fc93e55c4a8be787902372d6ddf0355795afaa4770d62b1d2f8cb5f,11F,a7d2923b5a22ffa731ccb342cb3324cd5adb9ca86177e1d1afcca5975ab7a976,543696eb471cf080b6589a4888b94964670786fcdd38a142a9ee5127d48d3568
B1694,P1999,SJ102,2026-04-01 11:37:36.952,PENDING,d1786521094812672de71e02e08a42b51125f064840ece118724361641b3ad14,24D,c0a3e70b5c93973be226d83fbb3dd5a52d2bd98027f16cc585a3d9da5cd6bf9d,b50f2372c7e47e6bccabf0fb794b7dd22504c1354c5b364b8e083fbffa849ce3
B1695,P1616,6F252,2026-04-13 11:37:36.952,CONFIRMED,4438155ebe696c02b25e927623acc0350e86b49b7aeda9945a13bfc97d126e5b,4F,8d0f1d6fa1a60ebcca0c12a6287e414b211aedae2da7e8e9428f4581e4d3a935,714694eab83b00b4a13dd7ca4a11efa87aebc07db39fa84b1d56df2f43ddb0f2
B1696,P1538,6F055,2025-11-28 11:37:36.952,PENDING,276ecaadcc0e56c0b6420f4beceb8f04aa06a2465b5cd357d35e7f4abc78571f,11C,31c342b2ac5b8bb21a9f41d9c548de23725fc39d3e750e416d1e33b561a12822,162c4fa13a7f7ab91a252978887c873388f966b476b792137902f3d39ccd81cc
B1697,P1738,AI204,2025-11-12 11:37:36.952,CANCELLED,50c21caf5356a78de6c1091caec42b224847ae476100e0dfa02fe1ad12b8d7bd,34B,24d1af3218b9f1a423a81f7c974b7a44c1ac84dcaaaf84b0c00cad77907fe330,12e163e5e68a6f1391d259a8e10869962de87cace72679bb9e0884db1a5e7c15
B1698,P1001,AI016,2026-02-02 11:37:36.952,CONFIRMED,f0d567941af209ed076469fa5d683100e045a6c9c53657d3b8383d27728257d9,31D,5fee13f4a861383c89b489097d861618e8fa640bc7724a58658ee237707c6293,d80d11fcb63458b87e3d341befcec0ee3105d0430b899c1e8bcbcb6319831b9f
B1699,P1870,AI209,2025-12-11 11:37:36.952,PENDING,cecc55d3ec697230da35ac861476e3084b3a6045b77b1a8992d81b9c42c88018,15D,634c65490673acc9ae1aab64c8726e32c101dfb682c1e9e2f7d74a68f6bf372d,2788c28814777b045f9a397046fe1d7409b70666e32c039a57c3997903df1192
B1700,P1100,SJ211,2026-01-04 11:37:36.952,PENDING,65e1cbc46369844c7ee2f37303b3a6869ecc7490b08650570a4a30885020afcb,14B,7a6988bd0c65e28ad3725697dd7f18d75d507b8c59827854d86d0ce4d5712b81,5782324eec63137c6de758ef0eb186ac90fbad361f3b9135ecb5f6b3af776a24
B1701,P1532,6F103,2025-10-16 11:37:36.952,CONFIRMED,778a78c05c94abc6c75831345b46be8b956ce152fefe25be3da0ef63c8403814,13F,0a1c0f9861e08ce9cc01410de42cc12211a578ba808a99c3a7ae47f63a7ea351,8f229f7bd455d3bec814f73648ce21e6c6c4963d08d6a1f2583540e86a4b6e90
B1702,P1057,UK182,2025-04-22 11:37:36.952,CONFIRMED,448e80cb3fd8af983a1e5ad218020663dc87cc19372a01db8365a5a6b155c719,31F,970d59aa4cca0b3e65fe89e983d8cb7012bc56bb59cb8a987f4f09aa6252c921,f548d95e537cb6e2046882df40fdcc6ba853d9ff2c9e7a7ad7d92cbad9819b4a
B1703,P1388,6F264,2025-12-25 11:37:36.952,CANCELLED,238f552984c69ef516a03274e6c889155ffd85d0c968f09320c6c3aa79eb5c00,19B,5afda1df7e66a6eda65da209513301adcb711b6a468c248cdc4be851ca840239,ddf2aa9442531826fe0f8b10b458df26d00b32468caa209ea32cbb5f41f66873
B1704,P1691,6F027,2025-07-23 11:37:36.952,PENDING,28a8f1ea96a0662d672bd3c696da56972a9f3feb46db05d9b8733be9656dfb85,29A,ae61af8d5f9851e8ace4495194eb4d37b6cf45fc054ce9bfc1a2556cd85cb23f,b7c2c087c769b2b4ebf66b91cdbba00ca2e5d27141fc160b47896c84bdad8911
B1705,P1940,UK198,2026-01-31 11:37:36.952,CANCELLED,ec5ba277b2139e72caf29c5794985e028cb54c7e02beabc89f90503640e90915,3B,f2116a6d320e92b17a8979ae00aaa897fe881a9b4c2e4bd70b6fc8db083ed7c9,e7c4c5cfab3215fe7da44df55197ed1ea78fbe48d5b04e4e4958b908a9e55722
B1706,P1340,6F171,2025-09-07 11:37:36.952,CANCELLED,6b2d1b2113c249923c23547dc7afefaf5cbda758e7068725c430c1468fa68906,15C,3aafcfdcb6184ae6229f59353c819a6580a16a902b70be52723b063cff6c5e70,c5952762807f4d82031d7505832a28887d67c097888f078a8c83316402e46904
B1707,P1860,AI004,2025-07-05 11:37:36.952,CANCELLED,ca48569f7510d5079a623f176ac9b0c8694e874d3fe3daf225d2db99618cbe5b,1B,615bdb1922ca1604852cde687917ecf9b396b1972c12aa88ed209ab0839d4ce2,b720dc57ba561f7db7361fcef383909d0eb0c58ac9963a0e8fb54483f6a2d110
B1708,P1019,6F157,2025-11-22 11:37:36.952,CONFIRMED,28265e9fff3a747905810827751d5a75efe5f62e34b47afaa28be163b348d21a,3C,fc257bca0855fa042d03e4f1ce4a26f302c6f8d009e42974b130b565cd79bb0a,93227676045179c4ae7bdf45c6d85502ba58f39677f95c3a2f434bd9c252ce0f
B1709,P1254,AI018,2025-10-03 11:37:36.952,CANCELLED,63b55a036f684a91a31d0e6eb1fbbf47825ec85699f5a92dc946f90df0fc1430,22B,8350a499229bdd69ae9fbc4c2758922edcf2996a264f0ed81bacbfefee0fa6a0,360aaf52057f9cd4411d2630526db61fd039753ea1ec507fc82b13da728eafb9
B1710,P1316,UK098,2025-08-05 11:37:36.952,CONFIRMED,a2b9033cfed071e538b59f3f82a2a968256719e2463328cd484fc6e78863c13d,21E,8fa4dcc0e647bbe1279279a0f3f325ffe34a720a6b0686de34393d3a69f6ac2e,8ca2d65aaefefd15412075739d849628d385b0085945ce9e9b6e0e8f6a04ddb3
B1711,P1037,6F167,2026-01-29 11:37:36.952,,fa143555327c86b01fb53e6c45e1858c42e9d627bc6151146945e4050cef337d,4C,c0abfe2477cefae43e6ea834995518840ae3655fd1017b8d6f87634a85a62045,3d3531cf2135b26284621ceda1fd22251c01c46cb14bc58de7c31f70371f57a1
B1712,P1659,AI228,2025-09-06 11:37:36.952,CANCELLED,efc47f6e0d4875430a8ea7529056a7d9e33165eb32dfa66681b05ca33f195bc0,17C,8ad3686f704e7064c279e41ec0549bc124f1040a66cabc04f3241dd05f81cd63,2fa832c2c6d0617c64f13a5539ee08987dc2c481a765ba42f84c80632350fbae
B1713,P1536,SJ242,2025-08-31 11:37:36.952,CANCELLED,a493d09b9d53e4b175fa525ac85a2f947c1c8218f2956e5e9376d5c61dbfa3e7,17D,fbf87be3106bea25c484db33384a67cc62f0c750766c988436787bbd44000cc5,f6ef31a5d0583a1ad4130a230d158be09f619846f293c70ffe141ed31106da34
B1714,P1385,6F227,2025-12-11 11:37:36.952,PENDING,7c0e390fcbe61c5e9577bdeb773711aa029f4451d7e0ea5a3237848587565b8d,34C,87993ab8cac358d080ed3cd4400ca0c9ac5afaac8c07e7e17e8766621f222445,caf8f59ff9cdc9661111c77a8047c757349af3b9ef9e3649efa319407457790e
B1715,P1632,6F037,2025-08-27 11:37:36.952,CANCELLED,9547aa7e70298b9e857eac5213035cea4807fac76dab67d9d21fd9c5b1850ea3,20C,04b991f18efb83138851f8377891556fa92924806485a00b3bceee3c5aa0c8c3,6a124733533f0654d5990662bbdfdb869f7acbb43adf82d6c1f68dac016bfc23
B1716,P1927,6F107,2025-12-22 11:37:36.952,PENDING,a0aee1417b3c36e8babca6d9569f010bc76ae349194d79b9d520a026c9db0f1c,28A,40f476d97e2c1e033b8aaaf650ad2841bd406a60eb98dda4283c03cda137b541,230dba38fba7b1c63a800538b8e4e40ff5fc8ec8890b4de763cba362bda60293
B1717,P1025,SJ125,2025-11-06 11:37:36.952,CANCELLED,40db31827ba69c6691ac474577792db2924510243ae55cc21ebdc944b789c143,14A,f68a7f87c0b7ad19ad076d04c23ffe6d289b1f52261d9d0e571684db2cf0c058,125d27206b323e668717a673b15892c5fcdbd4cb3ba5b5dea1d6598994a31cd4
B1718,P1453,UK117,2025-06-17 11:37:36.952,CANCELLED,436237ae11aadadcc8c6c136b91c7bf4dbd3aca1973204d0667a12c5c78f4878,9B,d98458c5866820679c548d875c38db68bb6c25918381270e5716b26ab210f1e2,b5001df6ec96344ca7042463cec13eaab45f3bc640d47b3333b5828b2cf57b66
B1719,P1680,6F192,2025-11-12 11:37:36.952,CANCELLED,0403274a854c90495b35b45ed2713838f4dc756b51a28ba56dfec2ee8be9d999,29E,2b5536b2b688b2f6c4a3481410d17fab36666e3c31cfae62e56c37254655c1ca,4d4f9716e3afa1c2f90f636461e9d0e05b025d4f6f5807a018631de4a9cf6520
B1720,P1322,AI201,2025-11-27 11:37:36.952,CANCELLED,deee309e609cfd2a0a8f2464ca4b38386c4b1b48b36c23a5eae1b54769aff9de,27B,3aee93dad523125567b6b0a0a965ad56074a51e34879c85d58eb0722979b17d6,ca614ea681ec57d5e49f38b9c125bb0257616bc64aed6f3659a4f7bef1386369
B1721,P1736,SJ126,2026-03-25 11:37:36.952,PENDING,621d3cf046eda8651132994e53b75795b028df74c896782b031089738c441c81,21A,9acfb1336e6f5c1c33e1489fe67f4f02be36db3b1ff8335fdad2d54a8bee5f41,3243a948a0dbff5be977ae38803354ddad3eac5c62ba37fafd47877fe6a001c0
B1722,P1512,AI177,2026-02-10 11:37:36.952,PENDING,ab399f26f93999ceb543883c78d22219ce45bd3ab6d8eda3db2812629067c7b8,5E,5fc87f1b1c22c3bbddaae24b003a2131e69d6ca2c3c168205c579720ef041652,bace846819356857227d70da82da2d766b843918d59dfbbc4db99c38b60a6acf
B1723,P1818,AI092,2025-12-23 11:37:36.952,CANCELLED,568ba77d20124faa8a7915b34c7a8a6a53d093e91755460c53e8f2e32f9edd06,26B,f75408a19d082bacbef756ac9ef6d0641ceba9b8c0d86de04804063f8b1e68af,1acb3b5b7b54396831d062e08bd396306cd06d0bc207fee8ec49e3a2dc347b8f
B1724,P1772,6F076,2025-10-10 11:37:36.952,CANCELLED,14abd42aea37be5924dc9a3d70fce4860e61aaa0a171597c0e549b90cd3da238,11D,910aeed06a937374508118671064473eb048391f0f2ad0fb7b6bea43668550af,98feb0ade930bbf1356e6c7c8ac50b127905eef2b2fa883cd82fdd6bfbc7e70c
B1725,P1012,AI185,2025-04-29 11:37:36.952,PENDING,1dc394ec4e5ce312428ebcb4790974885a0865c6cd9bc281ce6c1b66f95c643b,1E,813060836d86b332d46df74f26fafd391a31061cc6232434f0498f143c25f89e,c242c475920252f4fb2209e9f6eaea810c64bea8688918d6561dd1c1d554efd8
B1726,P1914,AI055,2025-05-14 11:37:36.952,CONFIRMED,9dccff1425fde8754961e39a5e2905a629d8e80ab75425ed4dcbed4a4b8e03d3,2B,2770a17c26d17a56d196ccb0023ade47e870c8b2b82954077ac0fed3895b661c,c53fdf0b23dd720412069236c4f6f2461cc222f5c690a814b19258b1b40d8d0d
B1727,P1907,6F222,2026-03-15 11:37:36.952,CONFIRMED,c17ef9d640b3a612685694b8a03d39936c14bc09fe1f63d8f6be6963e221078f,27D,34f9ef36bbbc6843fae5d99b83df26e27a127331ea9567886822047d2465b49c,b836abbfe048e9082fefca7dd859d7b8a89fd3d0df60a7eb11b7367835c94207
B1728,P1559,AI090,2025-12-12 11:37:36.952,CONFIRMED,2c63961575d5f19025444e701e3124e27f6d419de2fc9ed04796de326868e2a5,1C,dc89377e8a6ba59691d15225e9fb211a2c298a8924febac42215f0a823a5e843,df9f275b9cea090c419f75c3de8e3e8d36759a5f6f6036c21cc617028258c46a
B1729,P1920,AI183,2025-06-03 11:37:36.952,PENDING,2a62e425ef788d0bf303e1171b7941e250bacf5845418d8870248b0ca3791501,4F,d040541606c421f53baee67fb470a7d10ea611fa671600fc8e9f85524f891654,6763062e2cf83fa8bd5752f3f6980e5be4eb8505f266441108a5ba461753aa95
B1730,P1824,AI041,2025-04-29 11:37:36.952,PENDING,62d74181a0f3b1f0fe242db338c0bc97d6b4f692ba1c3e66b6a0291214f281fb,25F,348105dc4e2399e311d5edfd7425d97c51dbd89137551f465bf3be81c7674ac3,8b25e4c065e84935982321f0b6b29ad4e1e2bec8614b060ef526c0f9b67590a0
B1731,P1370,6F210,2025-07-12 11:37:36.952,CONFIRMED,7d85991b6e0166378e54d225498c53354fc737922de5d7f32f1b1f5a403026b4,25F,a2c78aa8f29ee6bcc62047d7e932a512bf628cb1054b0926afbd393bc5b1805a,9eb2c0e56686431a68665cdf357ccb2fea8703f8a18f722b253f777fc97940df
B1732,P1290,AI170,2026-01-15 11:37:36.952,CONFIRMED,229aba8e47b68a29ac08c0322003be83cbcbcb4625ab219b2e4939217f82f796,3A,91ed1b7794b7e81300ccbf41ceb08e65eed286d95d6d7734c57a9073835ca269,e27fbfea2fc937d1f28c056b7c6e5ea8b551406e241bb7bf8450ca4d3e0ab9b8
B1733,P1331,SJ008,2026-04-16 11:37:36.952,CANCELLED,d60682ef8a3ae1d6d1652916fd5a1de732c1f36a0f966059773c8500c445d5c4,2E,550021b2069336faf956b59ba6d9dba87ba0953fc93dc828dfe310036fb3b891,955d019469f3e9828d31c7b816282d34449b8a72ea660cff33502f13e734fe23
B1734,P1605,AI049,2025-09-29 11:37:36.952,PENDING,a4ca03fb72681515a68f02e01269d80c93eb496f7017132913fe62bd9ea4b2d7,27E,eb9460f6b6bbaca78cfd743ef59ff86bb0e2f6f00cf3c737354dc6a47ef92722,17bab756591ae1b82e0821649de041e1bee81fa3e3140695336a35cf2b85790e
B1735,P1260,SJ132,2025-05-12 11:37:36.952,PENDING,1804564eca7ae2dfcfd7e8f7bb45b131b932f8323df4125b8a75841f5f5a1181,34E,3d6b8c439a0867d84f094920f7b6b24d8cce055c2c393398b2465e35bff5cfd1,ca0a998042ddec77cd22dd98f422b7773383c99afafd84ced53cd870f2b786d0
B1736,P1993,SJ224,2026-01-26 11:37:36.952,CONFIRMED,286eb81467f00fa13c18e856293ffcb0ab79c9bb5a01eb5ad213ac3b6be44696,28E,146746e434a263d3e1766b8d2ddcd0793d56f234f2a8eef9a7c8057028e43ef2,adbf6a345b80adfd3e94de5b4f0df42dd75302b045e3df642b8627de0f9dfd71
B1737,P1789,UK038,2025-06-11 11:37:36.952,CONFIRMED,a766ce097138901401c92de1b55ef435379d33518038089050ddf50e4519534d,1E,9c466b127690bec976d05a56f04bb2d6c3b329f1a99abac5528ff84412b925c6,e96584d9b0276efc27d55ef26232f12417b056679bcc0a063d68bfa8c602549f
B1738,P1870,SJ220,2025-08-14 11:37:36.952,PENDING,5062102443c70495b5ea3df24372d29a8a1921c7ef0918f6aa9665b25a0ceda5,27B,29eafb7f345c6b507c6049d13ded64a1baf593dfd42d6c7b96fff7e709ad47fa,c9a9ed84f1c1979e5572ad9b3d7fdff18f18582622b972d06a381ac3d52c9225
B1739,P1204,6F124,2025-06-29 11:37:36.952,CANCELLED,e337b0b7de821418d655e191b1a10187e8db98f617b8072520b7b761e1f92b05,34F,ba4b460c68b8bb1467a2ac96a602c9e9384dfa0649501e4fe7f789f2defba85c,2719a2bfc99b5229234d6727323753c27dc5366d99f7b67024054f84b96223cd
B1740,P1696,SJ164,2025-11-16 11:37:36.952,CONFIRMED,418e7a8e8be89dd3487eb0f0db94d57a5a17d20d63cad7c8a9528c024566355f,14D,71e58e5430d3c5cfc0ae3e34086f808e0cdb59f9d505744c87c1a3446585a013,e7093ba06fad62feffe54a7909051b2dac7ae7a672daff66473d6c96ba5e1c2b
B1741,P1686,AI026,2025-05-18 11:37:36.952,PENDING,b9c7dd7912666b943acc97ccf9836b0aef809869a6e849d95332014793d6b7f9,18E,ec588d4d9df281747c9d9eaa4f5e71f60a9414c1435f60cf824803552da6324d,43b078e874b49f421f40990c9e8417bf16077e6b4e80d33e3199db8f5fd8999b
B1742,P1949,6F144,2025-09-14 11:37:36.952,PENDING,066f10077caa38deb8e7d51dd17f624411ead3815e4c9af0db177f83bf9e2927,16D,0262718b8aeb07c55c75a87ffe4126085dab27e3fcdceb19e631417098231aef,8c9c71ce92df3bea7889a0cf9ba74c34334d52b8c21e781b83d711d09c2c77e6
B1743,P1386,6F137,2025-11-21 11:37:36.952,INVALID,0dec466abbbcfc2126393332a128842a0526dcac90bb863e3908b2a32f1743fb,6F,fdaddb647aee968cfee36505319cb90403c507536eafa8f3ebdc965a42892e5f,46a639c116f1bf154ece377cf766b236fb6423952261324101e4ecc9ebfc925e
B1744,P1891,UK139,2025-09-05 11:37:36.952,CANCELLED,fd801dce6b0b07a90dd0975c255b72c55f87290a6da3a790300cead88802ecbf,10A,319a165d3e24b0cccdeaa0558fbc43ef23a11726681fb8e9fd4aff2df6458950,86468a7332ecdc35285940b0109e203f62eba99b099dd380a1e5d7184518e982
B1745,P1820,UK139,2025-05-20 11:37:36.952,CONFIRMED,687048c14a9a8d98f1a85a81cb0ce005af4cffc096509103a77feff34450e095,27B,db6e70c4b3445667a5f20bb4e1c8b2ce5ee337c93786655f3098009147f2723a,e8e59a5368166401c6867790c84329fc46feba9036adacb81a77dee1f91d4ad0
B1746,P1467,SJ140,2025-08-31 11:37:36.952,CONFIRMED,3127f284842cf5cb0789bae92be082a8702469b00940be4a0bdbdab8e40ffbcb,34D,0ed40058d216a248eaf0222bf0b6f83fb6c3b45c6e8e3a578efc2512e00c88bb,e60aa3e92ef8b1f68da9f1cf03945840f541e86dc5cec946a24c3b5bd4c6525d
B1747,P1414,6F131,2025-04-20 11:37:36.952,CONFIRMED,1a781a89e36abd64f3a56e73f8643f345d297e5e7e8557b2887156c788f50a36,9F,a4d3572a90ed8e7867fd4fba83a5daadcab794f46e626363c9c931fb1845058b,20f9bcf6327efd0c376ad1e4952952b6726ba2ddcf46aaca7e3ea508fd11fa18
B1748,P1068,UK128,2025-11-15 11:37:36.952,PENDING,64d55121052705eea04227b367110561c5d579e708ac37a8ea41a0f43cf4ad25,9A,1a788a3a5ff5803809ba119c02bc0e56f620ff54e9b259ffe06a5ca7146f1d4d,1ad728fa853bd3f8b3d648e63afe105caf302f62489a69144bd500e75192b32c
B1749,P1471,SJ219,2026-02-19 11:37:36.952,CONFIRMED,0cfb80a3c0ef9ae4da000a8ecb4fc2b02eee94da4201ae492887e795e0c2bc27,23D,e86fc2e2d37171a230c1333b7802500789246218dc426d5715fa0c20aa49a8ac,3741e8a544fb2c3c696ec67de60fb877435492d5ec31d7b405e19f06d0e419c5
B1750,P1103,SJ159,2025-09-21 11:37:36.952,PENDING,083c7ad8ee107d9808c1772637703ed03d52675ad81d2b41cbd46cfba54b2809,33D,6cdb1c42b431a8ff171150ccb6cd165cbded0fc0219303c31105f1a1c2e45cdc,71ae2f90bb6d0d45fb7acd2eb590070e1b8f19dff9ae02af96768ee8903338e0
B1751,P1757,UK192,2025-09-19 11:37:36.952,CONFIRMED,ea38a080e71076fba94eed68d1882e6fd71005a610e421c6a5b78407be84f995,17E,57dfe8d96440c62848bf697483c163dde521c3de4dec4b187e2b5c7da5a5a404,6c1157d25dc3cb6ddb2525689a6db138b0c9f24c729787a2d0df2e1d0750e11d
B1752,P1160,AI014,2025-08-13 11:37:36.952,CANCELLED,cb0d89eb3ea58cb91146ee8052f45a7fe0ad6d3db5467e27a9d394c780fbb7ce,34F,be3c29a27b71057aecc215149d958c61f6bd25ea52bbe9dc7a2ff7b9d1b25b33,af29abd73db107f85ee7e74c769ff64ecbce26f8cad5f40fd872589b2cf4c1c7
B1753,P1199,SJ152,2025-08-08 11:37:36.952,CANCELLED,57c7287ec752f50e973f11ed869acf36edb4716f811c42c9fac91150c85cd0f4,5C,134e85d21caf235c909a4699c7e02aba65bef4e1db70a9f4fc9db0061d2104a3,e1fe34ac65d74151fd660b1abbf64e1dc0ab26189de50fdd66aea0515073d88a
B1754,P1215,SJ060,2026-02-11 11:37:36.952,PENDING,c457b729a60b5bd0660e3464dbf0613134b078e739a9fc66c1718fa404f873df,3C,0c5aaaa48bb43cd12574b7a15093ede9da8fd3724b9ab412827d4fef3847499e,b64b096d68e8e4c0e5b4df9b5a7b6622fff91f4ff9cbf7019974225259794bf3
B1755,P1945,AI127,2026-02-17 11:37:36.952,CANCELLED,d9281b4addffec4d0a79cd5677d2967e710f81fb6c5a3f8abf5ff5f3d5416519,10F,770fd7b927f623488199ab4b5e37a022af6849c6de2634bbdb31ed59cd99c929,8e0b15436e5c1e6c733b679b9f5b322b7e13a4d1eb17eecbcf6b8004274317a2
B1756,P1211,SJ096,2026-01-27 11:37:36.952,PENDING,7270e53e6e1099f38fe0853bbe5c409c116913047127c2d588f40e5e72007f68,11F,8f16c56e2674713b031826b5095bb614d3e31646ba52ee2f0aa20785cf427869,89ca2c67ef029daadf3c73015372bdf250fe9af1543efd4123b3691f3053d6fb
B1757,P1507,AI215,2025-04-24 11:37:36.952,PENDING,951783aef93037db5f1bd019480e7eb982ffee531274bd88d835706eea9a6b9f,22B,a9ef1adc260f1cf817364c5f4d494cdb6b22f8a05abfe08d62ba87fd700610c4,9ad2895112edf4e18843aadccaa8105079954f211b05e0333551c2f1011d5b7a
B1758,P1015,UK009,2026-02-28 11:37:36.952,CANCELLED,da3cc671cfd39e8a9edcef4124d1c8d745e29d19c9b8f8d350038a2ca174cb24,26B,253b881b8dee3d6249758905369295f4708fd80397e29244ec1dea70ba0484eb,710ffc4c7e77fe5b91593f20e1b762d349d908c7bc55be0e1ed5f3ab3e29d0b4
B1759,P1497,AI171,2025-10-26 11:37:36.952,PENDING,a610bf56c1a436f6406856ae640d151b444d6230159cca584c46c202d5275f7a,16F,00b27f3cd5613bf4483d0e58a7c181f6f9c870809d7b7d0e7545082d4bf3a875,769fb53082eddea65fc09ee9d2acf47a47a86ded8dbcc63aa7b40173fccce606
B1760,P1883,UK151,2026-01-14 11:37:36.952,CANCELLED,f95268e21cabf4904ab450e7e022c716e5ccda5b5560261842adc704b1d6ea80,31B,6c69aed6cbd68cbc9370cc4d38aad34963469adafb1e7b4e058dc98c2c2047e5,fd13ede353f4591b7797e884e45cfe8a0a1b8affcb2f068cb3fe7a337b68abf9
B1761,P1331,AI099,2025-05-22 11:37:36.952,CONFIRMED,bb977b2f4251ccba9fd1c29d02b619ccbabb38395b830712865aaaa5dedec800,15A,bdbd770531267a6462818e14df78e0400c215697c019844d17bce7eb39a42eef,65eff528c06868d459447ced77141644f63473063d5f1bc4052de843f15d4c82
B1762,P1716,UK050,2025-06-04 11:37:36.952,CONFIRMED,0dddf52e82351b07a8bd47ae931166a69f97fc9b7ae0880708d169898fdee7d2,32B,3d853c142169d5351b847b76866048bdfbb68a28b35e2cd5ac1be2e565d4807b,735329d1136b5513ba7b26b06f71ab99a02256168c29c6ae62bcf591ff79b5b4
B1763,P1876,UK092,2025-10-06 11:37:36.952,CANCELLED,1057e76832fa8edb3205486a5e322787dded5eae85a6c11fd9ffe36c1fde4d7f,3B,ca06305c76c882d06735f9d9c1b1f7b7dfa15cc2b5ec4fe403f696ab08a240e7,9bc82000e3d6a552c94855acecc828ae8614d0a2b97c68d8ebd2269ec4bb52b7
B1764,P1550,SJ058,2025-06-20 11:37:36.952,CANCELLED,7b1dc121358b8506a6463d12cd32ffc5395fedb0b4ec9c2c2670f13429d7ecb2,13B,8a66272a446f7d8f98d243b9fccba5851dd0b8055fb14c75ff7dc6e7462f2e09,fe9a81c68416835a7759d3c5a3675a0f4185afbcf09e56e2a67ad9b092393612
B1765,P1600,SJ090,2025-12-21 11:37:36.952,CANCELLED,bc699cdb65e77f343e6d979dc3f9030fc15fc963b7c9398449f350ccfc0872ac,1C,c697bfde5565ae0827573792c9235e9665c6b97d69d007b4cd2a2bad65a2f0ff,4144e944707182a09878b6164ac115991cacad75d1d0843b119dc41c685af4b7
B1766,P1941,6F173,2025-09-07 11:37:36.952,CANCELLED,b94872c224622b0ce5080503d9d1cd35ba605be3fe9fc6bdc7d676a34200c026,1F,1b8be271df780f0c56b952ab2e4fc4d8a8b5313a90064b63989ab6439fdc680d,bcac33e4a13af7218cdffa7754fc77d7e5db6dfde631a09a7b5cfa5a96ec95bb
B1767,P1255,AI186,2025-11-19 11:37:36.952,CONFIRMED,93d1331aff7bfd2d7b8fff1e3227f5bbf7a9c3472e7dfda6ba9fa564f33c466e,6D,ecc78c183a73126c3c9e2c761cf64695e75310f35ebca64f6eba3a3b349885de,0e03c361ca08614045a55524dc03ef6f81271fd65551ad4c998539071b81fdff
B1768,P1991,AI130,2026-03-23 11:37:36.952,PENDING,bd0ae61fb994748f8981e22e0864197bcf658156fae0a1afe7eff40a6be5e512,13C,1b849ade945851e4ae1ffbd9d10c773bc71ad5ad98ca9cd4919c6fac51ccb412,d1aad83a64cd647ced43a5fe75b7d00e9114c69273e9fe38076231e283642038
B1769,P1765,SJ111,2025-11-23 11:37:36.952,INVALID,2aa72f01f02e416a60a11965b1b141bdef0d0d6220b1bac749f25c319eb0b32d,6F,aa76cd743664f99881e3cab9ec391b8dc0b9eec8d345dec35d58c190b91acce4,22d8137ee8fadc3e180558236e6506b40416790a64c6691dd7d7761521ea9c62
B1770,P1727,6F203,2025-08-04 11:37:36.952,CONFIRMED,214d210c97b4b26a82ef4c347962d091595a029263489da1af595e48694d511b,8D,18d593a033da0577f8e75957c9d1dcc4caa4067b27abb7cd5dc23457ac05c98e,efceab41a489478dca7d53996df2449c5ad7a2823a0163c88e8707a942ee87cd
B1771,P1879,6F138,2025-05-24 11:37:36.952,PENDING,e32408bdbc25cb92de72bd47ac64e79d7da49caad4707750cb7b1b887207623f,1F,8c8e169954ddfc9d56cee68b5e972dccbb57ff55d6eb6aa2b63184c6b3f1bce8,5af940bedaf76590bc22356413e1e5648a2d5a0c810a7edf3d7bc5271e6ac55f
B1772,P1814,6F109,2025-08-29 11:37:36.952,,5855b49d3fa8689fc958a594f6848ef6f8f3acaee173f7120117654f93900af9,10B,9cc289a22d61bc427a5ca1e60ca67bd001c3f9c42383c3c6e915bc25147229d4,3f5550b2170c1c6b76bdd121b092ab3da709b6e067170f384cf3af044957b6f0
B1773,P1171,AI074,2026-01-01 11:37:36.952,PENDING,f95c87cfa5819590cb47e2239e7fe05384d9cc30bee29d7e572913ef05b77417,16E,0bfde34358ec36689e533435915330f4ec8d9a2c3195f8a0117c64281fdcd6d9,1629f2da1a896caf486bcaa6ca87239b5abbe868a6112ac9d260ac3707740aef
B1774,P1648,UK161,2026-01-07 11:37:36.952,CANCELLED,b69a687b1873cd903818aeb62f714ea600f0ba2e9f260ba218f6998d198052d1,1B,e6ab15a31e966cb85bc96b17d7b1940d8ed511a6f88f6fc52a91263948694e45,ee200411521d9da5e9a6f9a5b010e698d28dc2fd1ec76a477b5a497555925817
B1775,P1999,AI008,2025-06-19 11:37:36.952,CANCELLED,60b57faf4fc883ab158282ce4c652b2aba0e8e396b21695cdf3553c23a4d0338,14B,0d6b973cf850d5406a84c8d6d04e96187365d0a9831c6cc1252691980e6ccc74,6139c77ef53977c475101a3f1542f84aca2dc6f77ae7c2073d2939b46c91cfbb
B1776,P1497,UK121,2025-12-27 11:37:36.952,CANCELLED,69033b999023067ed715d78dd76665001d2c858fcd955b670d56f5ae490c22b5,17A,d1f3d2ddadc8b6b1ad54d3aee08b2baeb00209c4f8157c4314333415bae0c1f9,b908466805cc22b38250455c2b2325a11b8c08d147e3820a1da13c72342d8675
B1777,P1470,6F154,2025-04-26 11:37:36.952,CONFIRMED,0bb25a612cf987a76101212c1d45f5e444951ffe58905a4091aa1aa7ab6bfb5f,11A,275c9c381d76bfaac5aaf3fa399861415a4cae91c8c63f2e6e0b888bbfe648f7,9a0768830ac311b3f280c4ee17a0a5856ba039743873d4affeb68454eee10620
B1778,P1383,6F161,2025-08-01 11:37:36.952,CONFIRMED,a933d60d9bdbe9c03f7374e6b3988fedd4726c1a5f82ecb66a4ca59d02f811c8,10D,28d9217d436d3e5b492411e81c1b2cf4216953346efb6791dd61cb387f4510e0,d7d1d381b6e5f545404de3f2850c18cfd564d5c3f1a2c291295b5bc343b1ab30
B1779,P1689,6F153,2026-02-01 11:37:36.952,PENDING,b5efe065917d66b8641f2980257325b859f9bfdd8b3ebe214a4f4cb3f611a9e7,22B,8a1a6a3dd4e7bf33f66892b3b3dc7937fa9b7d9bbd8c94e087502af4a409a4f4,833a929cc2c626d015f879cceb8256aa855be9f8bef2dc33c1a7e99f5a687be6
B1780,P1588,6F225,2026-02-10 11:37:36.952,PENDING,1e0494cc0f478fece310f0c9a04c4046576842db063e56526610f71c6ceebbe1,11B,9fb986b9327badec1634e9e38a0b6b8cd5aa519de2afe19cc4de50dbb6f3cb5c,64b909083dbaff5a0717acded8f08304beb23d72b8edbed36b96da7e59eb38be
B1781,P1699,AI191,2026-02-09 11:37:36.952,PENDING,36e8c8067645e94b683bf26d3869c97d310f0cb7cbd50fc31eab95c6cf8c528f,18C,cfca0e59e8a8d9f884bd6be3ae791dab749227dbd085f45e5694d49cf3b562d7,ef1cab61679c9a08f76b7d9a3286f53e2372f8dbf11cae150cfa3e590938b5ed
B1782,P1506,AI218,2025-08-18 11:37:36.952,CONFIRMED,7b5566e1bf897dadaf93594a0b86ad8c5787e64433947ce9f7d2296fe6d0c24f,25F,0e3bb0f5515b1714cf166c044d37f4736b52212977bdc27366cb21bfc73d2995,6e12cd8d1e435147b8ecbd1af926d3669cca44feaec0484bf3421081833bf037
B1783,P1991,6F267,2025-09-28 11:37:36.952,PENDING,8b07c6c20b2383a73c187de79250ad8d663ca6deaa62bca12103f00046626c89,25D,b013f9641e8fd9d312f2ea3f42c8e207653a2966c192e1ad920428a678f3bc49,36197ff6622a7ba9a103e7b02a378b0a876df10a11c325f9b83de0164072b9f8
B1784,P1526,UK125,2025-08-20 11:37:36.952,CANCELLED,3886a1faa09b685180a1f650d9bd8bcbe33221089b8cbbda1ce4fb01c4a0ae19,1B,8d33aea5a7b86e1b2eca23c639b2782297b1f8ccced2e67e4be056a3f57aea24,775eddac4d31c78c440e2a298aee9cb9beec8ba3dcd75c0f1df84d5c68c7eb24
B1785,P1803,6F208,2025-08-19 11:37:36.952,PENDING,c78fd77799b368fee0424822dcda842cf68d278bc15c4a2fc99f66f8b08dd98a,1B,00079b5fc807112418369e2a2e5d71ea7fed82636fa8ecfd532a350ee21cb6fe,a8916decbd26f08f690159be6b2f84590589dc1088b4514b9c6c8ec0312d2c86
B1786,P1830,6F119,2026-02-12 11:37:36.952,CANCELLED,1fc08c52c32651a5753af897c83065e4e1768f3cb43b2c0a521b10bb2c49cce6,26B,77d878778628334db85061a62865d4fedf675d6443ec9312a8f5c0c5a923d1e7,3f8d1a136a5f85850a35b8c2bb442ac5afbd71680251af156d431ec022e796c9
B1787,P1324,AI063,2025-07-11 11:37:36.952,CONFIRMED,3ea97cb742b62d1a00c376fc6ad1a8b9c04130db401878420481abffdd202246,1E,a78bca2df5a256000e85c7390fc555a8db600b8b4ccebbd7bd4b6e5544e347d8,037adadbc874004d67ac86817fea47486b774ebafa4e3a759716d5c411388e8e
B1788,P1213,UK016,2025-06-05 11:37:36.952,CANCELLED,5393a4a8aec23638a4349c3e888ef2a80425e532005ce2fd5f8dab705396e0d7,2B,9080a35eacf1fd642a01c69a121f73e5b3c481a1d39d435ebdd4042cd7109be1,b2dd113b152324aad7e0f7242e40e3a18f1899d519e6268507c18ce8f1e5e653
B1789,P1207,6F048,2026-01-13 11:37:36.952,CANCELLED,29118d6e6864630097d1ab77ff7e57b8c4d4436a7fdca4a69f2b1b927d534fc2,30F,d670f27b80890729b360b82807c36efd2186986797183dd9745b4429a8a87990,0b34c8e4b75ad8206170cb114856b53442239e42e43928906b8ea0e493321409
B1790,P1168,6F266,2025-04-23 11:37:36.952,CANCELLED,09696b649598115db9697a17c925dc8a9ee1e8c1ee30028c010703e330d85b71,28A,7fb9c51f2c13144a2ddfdab1be45cd2f04ef6889ad6ddfc6482edec2a3ffe855,dfdad31a41a30086533596e77ec734a419277febab2f127ddad59f944bf15b85
B1791,P1329,AI167,2026-02-24 11:37:36.952,CONFIRMED,377ee23c58948a5dc420433e61d4af59dfe3a0fa3d8e141b426612934e80745b,3C,17d1527d864522a0ff0f80efeb229e801d298fae2c1616a207ca9a027f5a76bf,d15bb63cb9496c85eea72e250f2979291f0289d699346c90547771df938a8680
B1792,P1279,6F165,2026-01-17 11:37:36.952,CONFIRMED,2921dbc35c449f8fc04f91f7514cce6ee81dec4d6ea84fb1ee5d9f8e065d0f29,8E,a0fbd310d3e52d6f03e440fe181c409a61068e64ad3e60de2835d250995c3ccb,dad8d82f4d8f058900c37470ef1d21720636e18a813190ae441a93fcca744f16
B1793,P1977,SJ104,2025-11-25 11:37:36.952,CONFIRMED,a7dfd0570e55a09376713a56beb8c17ce8743f5c81bc54ca8eae3f40b6d701ab,14C,8a8734007046c9856d0759370878990bf7093d33355e3ad60664bf910a43c481,c3f9fb95bb78caeb8ef197bb8198fb6fdf7d74f6e25d5bef7c7f384bb9757715
B1794,P1304,UK160,2025-06-26 11:37:36.952,CONFIRMED,c779190e99477ab32b28f6daa0151e0eab1034ca0e5acd3f9e4ffc8b3259756e,8D,e20e35b352108abb0cb4f2de9dde101ee61ea37b2bc9d1725fd779d7edfe23f0,db8abf76268b5ff85cc69200b6cd365caa7272773f0236be7a30bf89bdad8b47
B1795,P1145,UK160,2026-03-21 11:37:36.952,PENDING,b3312b0b6152eceb5135cd803214643e78f361ce1c8cefe7e46a45e57cf1d442,9C,376429bb7484d94355eb50b998ca5be44cf2cad17878d73ad5a2bd187712a1ec,f1ff06f4a7737635d9b1fb701eca27a421448c7842aa125531e08e81639c126a
B1796,P1774,SJ230,2025-11-28 11:37:36.952,CONFIRMED,912c45fda4856be49228fe91f4a1277214e15732ab0c8280464a9b9b14716d3d,9B,caf831d1453ff6588039fa77767efa19e0c6893cd861b3186b4d3c938df7ca20,98dc6394175e0057c8f3263070fbbf12916ae418e9b0b5dc9ede1d0362b5c396
B1797,P1515,AI042,2025-06-03 11:37:36.952,CANCELLED,eea73527e427e74aa79e60b8884456a3a517f9d59ce7b7b8d774cae0e0b4198e,1A,32f278a2f65d93d23d9c51bb838909874e92e3dac0c60a808ab52631093a383e,ea93e5d96ce9e49a5e787b9a1121cdc174b5716037f17bdfc5e1dab493052b27
B1798,P1089,UK197,2025-05-16 11:37:36.952,CONFIRMED,9c71f9d3a6e780e79d360d616348fe272d3e537e49bab8068cf40013d6ab04d3,23E,83d76cf93b0514c98480ab33eb77080e48232b4a878860cfd394000f87d93218,41094aff6f4b72e3e900b17276a675e99f07e874aebcfcdf2a1d6a71017ec294
B1799,P1452,AI107,2026-02-05 11:37:36.952,PENDING,6bf15e3f33b925a335606a3f9cc3a8ca22a6a97aee7599432dd968133d716345,16E,04f2680a53eafa217f6a32397e11ed244d7ca950947ccc4ebc364e4d0905bfd4,65d57045f5e2ed2e8a48d2385c392485ff62373f4d0dd48b29bc31d8be7f4214
B1800,P1059,SJ128,2025-08-22 11:37:36.952,PENDING,eef52c1399aedc9a0c59664725cae3b046b594615a0160dcd904b485b78e0246,7F,71a500aa242a381d5b2a50e05a69b9d86823ec5e126e2308a0384a02940b80d4,cb748c1f88d3a12644cbc8172cb9f5cf731c9504b50bce3e19fcda3d638ef5db
B1801,P1310,6F121,2026-04-14 11:37:36.952,PENDING,2137a0d6eb13d49ad96fd4d2057c59000a1a3b5e24e1f688c05f746feab81733,34F,d729726a78a04cdb794253f7a2f89f424961c161b596fc42a4fe2eea81060b63,56aecc0a94b9199bcafc7ae5812d2a83499b8d8289c68b4bbfb1a7c92965ba17
B1802,P1527,AI111,2025-06-30 11:37:36.952,INVALID,54ef2484bfb7d6fcd9c07e7406715d71ccf8e7676066f0c2ce34a41873c103c6,16B,63c8fca6a0de06189ae4450ec3559d54c4af28e7e6b38a1c66e89e3c379b10fa,930adcfc9a556b5256dcc561d6599c7f380bdf5e3e3ea33555971bb97fd9ac03
B1803,P1226,SJ137,2026-02-21 11:37:36.952,CONFIRMED,3c71fb9d6c85ef2d0b970be13d1e8c3d49d7cdbb3c5a482bda256bec2c96ed52,24F,8daf6bc9b6e6e7267badd7e49f977ca2d98133555031ad02683d8c5709e58555,1d4d8de02b7c727d901c32e16abde33edfa12436bb8b96e5ba848d5821a4fbf0
B1804,P1473,AI232,2025-11-12 11:37:36.952,CONFIRMED,516fa95af3ca4c7b4bab79741cbf204d847ccf30c100dc5a5ac9f2d781da663e,1F,1898efe0156efa6c67342255f089996a4c4981c1af2c51ca6faf95b8b11a6c00,d9ce9684d79be87a35480503d7d6fdfedd18fbf712049ac66daac7ca8c9d5bfc
B1805,P1977,SJ113,2025-10-26 11:37:36.952,CONFIRMED,56d5c7476d10e16412dd57f2a6e0c1be1067f48d4b502f9a6ba39e110fa30d92,14B,ed7ce3b0af0733e81ba04e7b57430926e51c882a61e822e42d28ecc08adb887a,3b73c5a7aeb8d42ed56e0c20d286db42f8e11bcf316d7d6d90374678f33abd3b
B1806,P1540,AI117,2025-08-02 11:37:36.952,CANCELLED,b6e51833d26c78a53bb09873a7edda69d8a2039f6507341a66251cceb8507474,17A,ac7bea28862e095ceca793e50c6a8d2873e7fb856068778e88b4c482ac6d76f9,0a913fca7855ab7e7cef3b389734efbdc3f9c0e0dadafa47365f96819148ae45
B1807,P1662,6F185,2025-06-28 11:37:36.952,CANCELLED,e37166d7121c8d90f38e15c5d648e97f2423389910b4e31391a53eeaaad549a2,12C,6980831c7dd931e93a05e321b762844de4bbf315f7926ca26a283cf1bc5dbf40,3a3635b67981f059eb065f71512c20327aa960877be5177e588472d68bfa82be
B1808,P1756,AI194,2026-01-26 11:37:36.952,PENDING,24f75f7198e41855863afbee5d7465be7050a2bcec2413b7b425d5bfd08c7355,3B,d75a8c93a9a99855551280e445345ebeedb0985cac630aab0fcdfb869c64f6c6,2d1981f41e1dfbff9015521470c2b1a1b0e4d683eda91731493153b6ca0e1227
B1809,P1781,UK045,2026-04-09 11:37:36.952,PENDING,4568afa34a4cb48fdc7ec77f9022dbc77e8db95c1ab3c337e0d302ee780a24b7,13B,2476c24af6a481ad8eaa1c5df7175961532811c82da095c8f002ba707216428a,d2fd2c122dba9e1ba2acb57008b5d36a244bb0b8437a1507df731d661c7cf17c
B1810,P1078,6F228,2026-03-20 11:37:36.952,CONFIRMED,703372582d619254cec03f93a7f2c0ccbd7c2504a9714dec129d45a21765482b,34B,016fa7118aa082865a086b2a2870f0a502609c2f9e2d591c64297ebf34c20989,abd311e65eb2adcae9d9ba23ed15ef2b3ea6becf10452d240bdd60099c218630
B1811,P1432,SJ190,2026-04-04 11:37:36.952,CANCELLED,d65fda1865faf86bea04d8907bf8bd48610c6d74daf9aa08322341c35138eb23,25A,fe9d47bf639dd6717e3a5388889dbb22c3c617e063c9306c376fce8ecaee0c54,f3e005a3d378d06274ed3f07a7bb3c212a6a13eabb30406cc8692cdfb0179d6c
B1812,P1800,AI156,2026-01-06 11:37:36.952,CANCELLED,eb85d00ee61f47fb3564718e09ca5c549282c6b366ebc3c3b4d9103eaf0f5431,8A,76a772282a92bc223633f08e72e36c793c5bf41daa0e4ed3f5283aba73f84141,1ddf12dad50ed4c635e4ff9726a659c098be61b611f75e91898d8b227ed92ec7
B1813,P1152,AI104,2025-04-21 11:37:36.952,INVALID,5b4553e334b63a708f2ef02f87c86d2f2449422c944a5781b0861b4b073ab75b,9D,ceb5b18285f560c79c01a146af3f278d2cbd4b14ecdc2847ff91f31d6c1e3a90,38a1362e449ec3b6fba50fba71e70bf4d61c8dcae7a8d4901f85467df5d89ee4
B1814,P1788,UK033,2025-06-22 11:37:36.952,CONFIRMED,65e8422d839596f942c9cf2923fb31cee842641790c8d4e3ea3710d5d7571349,26C,947e20457dee0e3769f27a83520597a40dda802003036d191d3d3fb6415021e7,7fff15ff80c8dc718abfb0b4c2209081a446740b9a87dfe4419f0e10de23fb73
B1815,P1400,UK137,2025-05-01 11:37:36.952,PENDING,2484c5616cc9fb06c16949a02384f853845691b6b9ac16c887c8f541caeb4eac,3C,5a52ae30b7f3da8fef8d9cb5cfd7d49b4dbf86b94e1b2965ea830855c5e4cad8,e64b5f3003af45fa22a58f3caaafccf5529f70a73284c4564e90fdfd24028f20
B1816,P1278,UK214,2025-06-21 11:37:36.952,PENDING,cce67ae025959daaa0c33441e12d74ab330c519a30fcca05bce886d7ea18481c,20F,4e18b76021da206fb3111cfef528330d084e07362f279a160f1860216bcf6d9d,f6ff829c0207e05ea3579948045648a41094daac39f8a327cdd7d3a99b142955
B1817,P1056,6F033,2025-06-07 11:37:36.952,PENDING,ed6179e2a5466ef6f12a6b58e42f42ce65cb0ee40f629a71866e3e4a7a7980f0,28D,1e02dacdc600144b4ac83c023fe4f0f935f123caa5db98a68618e41754db15ae,30ed3b86468b436f4472ef4e663d0a2be1ab9d3be22d2a3aa6bedd1f4ec83fb0
B1818,P1976,AI114,2025-11-07 11:37:36.952,CONFIRMED,e77286a7fc8c0918f3b11f1bcae191b56ddb149fc16ce1ca86cce608f8b6b052,26B,d05eeda0b8d7217ea03aae7dbfb5c2d3fb68f3161ec1c63d73df015b0cbe3474,2608b64bf4d652ce4b045ca41c5135d04e0ef40f09dd5fb3f64c3f19207bd56c
B1819,P1185,AI017,2026-01-19 11:37:36.952,CONFIRMED,89253e839728ffee2e752cee367b1737c78c3c351d747362ebe526f49c2bc456,21E,c5f50dc38e6f66a3224e0adfbfc88e323cd3aa5f14498129a087181ad3fdecd6,a723c96954021ef7d5df96232b474013d8f8f69be3f000db0232474cfcec9841
B1820,P1397,6F244,2025-12-01 11:37:36.952,PENDING,c02bc93ead6158f637fcbcc9d2144ce70812bb1ca39829eae4a6173900020523,18E,5e2ddca8d2c79861c65a44bafef8d4cb7e326486b5ce95b351f5ad9b54260cf8,c94880585fd74452d9d60505b89393b47bb813dce659dca08aa9c35eab5191f5
B1821,P1604,6F160,2025-11-27 11:37:36.952,PENDING,09b389447f89b57019429810e1e088ce198adccd799bb24afb7965b182d774e8,1C,1980189040427333def4d64338f5f5872d11b977b537b640ad22dd6d2e373481,427763b3efbb2fb40dada6124021a671a10254cba9b3f18dbf812127d358ebb9
B1822,P1787,6F088,2026-01-05 11:37:36.952,CANCELLED,c6659e6f9a3ce2ac3115dc3fb14ff4a84a6a4cc2b655de3284209fddf9ac3721,17D,9cef5dbc19fa7a48d47f10520de8fc15741d52d47fbee256c9665a741596cc8f,549adfa18b858c391827ec79de5e4f027ebb7f16a15072676906de4f5018c5ad
B1823,P1157,6F155,2025-11-26 11:37:36.952,CANCELLED,784d546f628723ab8cede91b1f5b4eba2c57f3c353f83f691a7c6607fd17cd6e,19E,cc1828c7ea18003a118653990e4edd34cc6ae64526400e40ff5d256188c5ec7f,d3b4dbc2d43c65d3c2a19e7aa791f17c33b218f438c1359d485f175ff70f199c
B1824,P1786,AI095,2026-04-15 11:37:36.952,PENDING,e97d0383fe86aa5a71c3fd254e9a3288f576fc0bee8368e4eaec167a8161fd93,9B,15ff7bac7244e074a6cee6cf1753b8fd7b10291183f2613c2659ad088a1286e7,3332e1b95b4e35d1d4c7381a87e8fb9f8ac418ff9f56156bb1996a46428fc0c1
B1825,P1692,6F139,2025-05-17 11:37:36.952,PENDING,0740083a652c7a97a06c3ab11e0fe7040bc071c8344bc8b42c4c90d6fc6d18a9,5E,1ad8d832973d098ae01afba7505e0a608d0d7e19062b80c0fdcfac3c4ed37cfa,b7fe201aed5355899c2fe0aab6e3f9da1543c123f77aa9a2e5f2dd76cbd51aa7
B1826,P1358,6F101,2025-07-11 11:37:36.952,CANCELLED,4c069f6064232614bfdb5f56f69f4aa8fa6d3f963a922ba58730372999c23134,19A,faa51de43c29fc68ede3978aff83f463aa0dacd5b314bf6d1fa48c343ca5d07b,28e3f5cca0d424da300f7f8ca396f2200540a654bcab6211ab8aca6a80192052
B1827,P1439,AI054,2025-06-23 11:37:36.952,PENDING,c47053969b849f627f55640a32d82cc9f0693392291375fdb07ce53158502ef4,20D,93ea9cafabe7d1e420088288ffe2b730c5de01f9163b2cb0133194a5caa19f62,7f684b768b90804b1166ad610ec46b169d010e53bc05611f8dcbf2204c942675
B1828,P1588,SJ094,2025-05-18 11:37:36.952,CANCELLED,05e9db9f9ff03e2a2a9ec835c7a51d0b9595d2b8852881398433552022e8bfbf,25B,6954c86c8c15dfcf4d46957603151ff93f0dd912fb377a0597c1ae6d14052a27,6fba11a5e2bcb6d42ddc677dfc842dae753dd4442c4391a6871e0c662f59ae77
B1829,P1465,6F217,2026-01-15 11:37:36.952,CANCELLED,c5d2ffbfa44190105efb7952e53df0bfa89db4ebe2d88838dbd6eb2a0bd96b00,4E,988786e4d16e23aea36a4988dc75e232b80620f475e4922b669007e1479d7a77,6cf777fd8aded701b019690d8fd92371313a9dfd5bd7d0f73422a8dbfb53622e
B1830,P1662,6F100,2026-04-15 11:37:36.952,CANCELLED,f0c2ba88726e4eb0106ed1769552ea0178774ea9d26ee5b000f02f9f36b94c21,23C,2c149a4c20913a9818df53108770d83553ba7d5a48a22745145a506f7dc31a7e,718045c7572412b648efbb2091617edcc8588fd0018e4b49939d3a7b6c81747e
B1831,P1445,6F081,2026-02-05 11:37:36.952,CONFIRMED,344f7c8a5ee6580c479b9e69db5ad6b0ce3fcfc7656b04fc5d07ca44c18c6d44,21C,2f23eac9221248c787e157d9080abb3dff820e7461f073074e84fe760c8f7f5e,77b1d77ce0f95c48aafb0da0bfefd0d9fdc725324df12de305ca53b3833b898e
B1832,P1749,SJ156,2025-06-17 11:37:36.952,CONFIRMED,67e813b76bf33d2cd58239f3abf0784efd7a07801aa0652df8f4ff7f35b0b3b2,4D,15cb1ef21e069afec89cf9b2c6145f1fd7ed4d470167854d3f239b2f2b404a0f,fc7c28f42f4d161a8abb4bacadc00fbe74a77ec7a939535babf94ee3452fa802
B1833,P1800,6F060,2025-06-07 11:37:36.952,PENDING,1c6fae528078b8d04499bd24209a1a204af3c9dcf7e0dfb44a2201db281dd9c3,27D,c9a5471d15961d82ef84621bee3b1df85bc44e8ac09b396264bd6cb758365a7a,b8393fe569c970d440895968978107aee3df4435655cd30dabf8a184b608c298
B1834,P1742,UK129,2025-08-14 11:37:36.952,CANCELLED,7c0ccb54f288e13cfa4534f3269ca13348ead6fba5f00837ce8c928fa7616a9c,33E,bfdcf11800880e5832fe672b2314da66554cc84916dcaa4f66072481a5a39c5f,c9541e411e1e763f9620b455800b4ff3e30d18fce6dbf7e46b41ce581b09e432
B1835,P1487,UK032,2026-02-07 11:37:36.952,CONFIRMED,c8af127b0eb2192ae8f3a73131db1c8db99a468f23d9cf41852cd0562fe61007,2E,0abd743d03aa8dc7cc7b4f15d4e8ea4aa52495d55ee44fe7193d78225ef06314,8d8d1df63fbf4ecce9caa454556229dea8c3919e090cac9fe8db8105b74f8d4e
B1836,P1529,AI166,2025-09-23 11:37:36.952,PENDING,82f32974bca2d4fed02d75f755a21d9b0ad46b742ede29223d7e4a085083de89,13A,a7f16a8a2434cd633a15a6f3f8ba6dd22db33dd386dfbd918fb12a8977abe73c,d9dac42b29ad0aa8908a127564022ad9354fb2ba406331e73bab7baef291d018
B1837,P1072,SJ056,2025-10-31 11:37:36.952,PENDING,0962aea689fc9ad53d09c7ba2738d67eda7b38187e82e123922240d0437dc85f,22F,20aef6652ff8ec1e9a2906b30de730476ece1df1f0e5e1e940f93d608f272baf,14fcc019acac5017ba4d2cbc99173742e045f47e8617e468903a9f1bc3b23bd3
B1838,P1928,SJ101,2025-06-12 11:37:36.952,PENDING,377808e9942f148dec5b307b1dbce7e5e6e27c5fc3a5f6272965dcf7383b384c,18F,2bd42e51440bf0dedb459fcafefdd05968782a40d507542b966be8b139f981f9,e25df4b7d1d3f9e713706018e211488e27a80ac031ad7803503d9d45dc5a98b8
B1839,P1927,SJ065,2025-05-09 11:37:36.952,PENDING,5c66d8c55ac02fd8ec93332a65fd949da3d29e2daa61a6b993feac65106cc95e,9C,b4a4d23f6e3fe073083b4e03f85ec14be72a74c16ae4bd3c1f69982670805843,a866d7de622d28bf7bf128dcac956219fdfd2be78ce79def781158bbd49c39c0
B1840,P1700,SJ100,2025-04-19 11:37:36.952,PENDING,6758aefbb2a1b57b92147501d34141cb9f6f64773dddad4fd7c753c7f29fb6cf,34A,4f1d606b018068bfa55c9c39d1396a3995303dc4f4c66203aab768b71b5866ab,33f1c882ca19ee1a4972f7148552ec06258d43cc2bc712d42fa0de5dd3ef464c
B1841,P1949,UK011,2025-10-24 11:37:36.952,CANCELLED,505d5425c20f90d91f883a3622ae450e687a71ad48de2f163e5a90f8d65d2456,1E,b9802f092274baaa98a5004ae562be9c028b80a7681e340a57213aa15b92645a,e1f8292c5d98a0577ea5f698fec4d89b1c39b9eaa05ec53493471eaed6cfbc43
B1842,P1016,6F062,2026-02-17 11:37:36.952,PENDING,0b5e9c32c5343b69bccd337b1204a3b59d52f1dc621b25bb56003d37e1d816e2,3B,71dc72532e0d1ad1e36f1780cf12194274a404702e87a7e892d99412c67e578f,1b99b37a6131bc3dd554571838427821522b002367f3608982e13e1b81ccea26
B1843,P1530,SJ176,2025-08-15 11:37:36.952,CANCELLED,3cebec895481e8b32f60008adb5dc4d794e0d6b6ee967d0684988eb4a2dd6c5b,23E,a24ad9725b07ce3ae0fc933ab67d6561de0e597216a4ce019692cbaef464d409,f07d0d8f16b2c812e1fc312d628b23ad4cfe640b37f21c806443f261c63dc4f1
B1844,P1730,6F120,2025-11-26 11:37:36.952,CONFIRMED,a5d7e81e999cd29c3d51e0c563741d6c9d9370ef32d33762c2fa97e5e3b78c7e,3B,618267afcf210fad569b47c741b7b0bb3e974a2b836db2d9e446d506ab118f6e,4b8e2b318c5d74c1141cfe9085e5cba57ef53045ec5a4296d07ad1dd47a9ce02
B1845,P1325,AI121,2026-03-05 11:37:36.952,PENDING,40f7815268ab7d7fda89afa9a9ef5bb077e49dc4886580a90b708fd4b2da4f44,24A,38cf997af74a3c584ed417846c723d337d87a1de2ebcfceb429a6e89dfc76dfc,a2102e290b0729fa8bef4050eab3e5c79d5f5dfa78d1588191939c3f249c3139
B1846,P1994,UK072,2025-08-30 11:37:36.952,CONFIRMED,27c8d3755ffe5fd70acd7ea613de660ceda3ab1e5c337a5f8f8c6bcca4cac6eb,34F,c785bf44b025eaba1fb9d78885222f8a4b304f52f396eb7f6dcb0e0e095dd66e,c7f3523dbb68332da2a7eabbe07fd065a29dec62977bb10cf4754336d214df2b
B1847,P1631,AI006,2026-04-06 11:37:36.952,CANCELLED,fca14ef5201992db163bc7e53ce027457a75f9ea59e5f456c7f86a0001305afb,11B,3c7bbb3908a8d60d93b4e61a45b0a98f65394964f02ccf58e2d983c247ba6153,2a34605b55ad64711b6ab5a551a706c1ee5c87cf83bf3240277fb047bfb6fb29
B1848,P1612,SJ231,2025-05-19 11:37:36.952,CANCELLED,38b3d62ea2d2db3341bf3c055050d0ea58d521bd6e3a0e3c17a89d03cfb48e6f,30D,51e89fc1b044b998fff957eb1379f80a5416de866a8e59dc6f6304d2deb2c046,f54ab22a79f17b78ed789c6391472afb8f8a5a3b8f6c40aa7de281dde4b21e3a
B1849,P1545,SJ129,2025-06-24 11:37:36.952,INVALID,c4f43529edcaf4d8b5c2c09c58e04c69ddd3bf0a28efd9ba4327a3609cb97391,12E,780152eb8ef91d38e703bb84e207e70df083712cc47c83557dd07aebd3aa5d5b,fe25a0ab86fc6e01d10300d091ebc30c9fc808f33cd5450e634ec2bc3510dec7
B1850,P1595,6F110,2025-04-21 11:37:36.952,PENDING,86678ea921584c027e48545b56c11aa5ecd5fea456e618cddcd30c2708bd4d9d,33B,c8f460a0da11ade02164be63209d8527e20a12172dcee0282174d1f8b69848b8,ba3ebd8878172edb5c484da65141e2853f6abf876026e551d569ff0b89854caa
B1851,P1920,6F231,2025-11-26 11:37:36.952,PENDING,8b82eab6b4545a9a6f3ce201ef0e5dde52a08e208fd5e10f400db5f7b65a54aa,2D,ec2f6c3c349522467175c58a613b4176d9b7f5cae58ecdd25a2bb1a17e0d9f36,16728b6951137e0ebc8043215642119ff21cd9aa2c1de69608a704f6631109b6
B1852,P1707,6F095,2025-08-09 11:37:36.952,CONFIRMED,6ad9b8fd28ffccf49264adcda3ecb143ce25f7b48adabc0ed75c102a092edb82,33E,e1ace88d13eb9f8982bc6234c117d2cbc3f7101d8f8000acf088a947095e947c,20478e04170735d754b98f73b04b431f40d4d5e2cabf3424ee5aab1605b8893a
B1853,P1841,UK054,2025-05-05 11:37:36.952,CONFIRMED,ed731eeabf504aa10d6d7d327a6d5be609de648cb002985abaa9040ddcc9bff3,18F,2adbb586acd9532fe726b4a932a39b3272ea8905d0e0c38ae13de65407dbd7ec,26905b520ad48f1ec838cfa7d7305d80c27afe3d9c07e4c6a5f23810719d710d
B1854,P1201,SJ123,2025-08-10 11:37:36.952,CONFIRMED,7f617c35090f09028d7fd7015b67c7d4a4709ec89b1cdd84daa18c87d0deabf4,29D,a3f018d72445f9d0e58df08c6d87c97300925c154cc3eb8972a5c8cee24fb5c8,dbafabd7dfbbad59e6595e9e69e289463f96db4171cc63a40bdb66eaf51e368b
B1855,P1343,6F006,2026-01-04 11:37:36.952,PENDING,2b7ce9c324d52a6c5fc08bb0cfcac7f9816668ec37ddf7a7ef0883d8b7f8f6ea,3D,c3978fbf3389ef91e8bb9291425b6ff983559ef3c747840a84aca15037d93af7,42b554e2148505b816250c56944bba838e34f7435d40441d39c9c445bda1cd7f
B1856,P1852,UK226,2025-05-04 11:37:36.952,PENDING,73ed2bc7916b9ce95651b90bf6e6fe2b653aeeee536b7c03c50e52bf4991f4ed,4E,68c4db0ba11d835a991147f9426ec1a15b89013d48eccc68a28f8136d58948ee,560d9235683ab093f3c71d7a68e9223557ac7599075a9c3b78a296d380d0fa4d
B1857,P1522,AI065,2026-03-07 11:37:36.952,PENDING,1b269821155b17291f92bdd734f545935af8af2f82b4c42c875efd668db9cc8d,17E,c75192861a2acae49c32dfae4f7c7f88abcc1d235c9441acc2575836b9ae5258,951918a0268f428ff365dffb3dabd8632199ac0b69d75d4c8bd603e2aa2e9ce1
B1858,P1858,6F008,2025-11-25 11:37:36.952,,b05d5077011bcebecc862f56e36eb5d0e0856eb5548584b618df051c19a90347,10B,c843a68a3b4baabdd548670ba54218f6790515750b15c49fffd490f16dcb9c53,d532a0480bf68800251d658db95361e4947633662b018d8dbfc19e0243a882f6
B1859,P1399,AI195,2025-11-11 11:37:36.952,PENDING,73f723ba52ae0d3def30fa7a8c53b1e062c7295e54563625df4ea63cd5a39121,7B,3416e2e76bcd70aa20421c562f56bc030c34c0326c585f53fed2659a5312789f,f3dea57a370e8546608daadd0f101621dd8053e29a983cff2442d7199c5bb58e
B1860,P1217,UK043,2025-08-01 11:37:36.952,,af827a01b509e6ae6a924b8c8248cd3985d8d4d012c66a515cb38f31148661ca,3A,c3a0bf863c4b25209876cba49a571a063353aa7c1a14462ad83d0de5e67b105c,f4caddb56ef6ee647392454c36bc7786ad8ad1e3efb6e01bf86dd89b3761e47e
B1861,P1444,AI125,2025-10-15 11:37:36.952,CONFIRMED,cadf4859991b0f08442c71f2f384c565ba41d42f47e6a2099121b491b131f9bd,25E,37a9e0aa9189d043e7d88f513ae6f2562869bf7b8d3a29fcd6c2de3f9b905eb1,29cc8fc12f641dbf0682313151389c07fcb8ec40ffea4456cc4037af0e5b192c
B1862,P1764,AI089,2025-10-05 11:37:36.952,PENDING,0ba639f080c17c05c618e5dff5b7ec481deb94860b1c5d9bcd4fd319fb6edaa6,21A,bcf560b0bc25400906809e5235e13a3232b8332c946fb4a2b5b195bb039e5018,7c44b12decf8f68293ac6c6aa17aaa42356bd65b27865e73e9160b0902ff6f62
B1863,P1221,UK019,2026-02-12 11:37:36.952,CONFIRMED,2c8b1e3f7745d80a59e09e896ec39f63a1452f2e803e1b07b82ea68ccd3f5f69,22C,af6b83fcd1d38a69fdfc4b202ffa22b69cd0e55a2455446a445ea4fde085ec05,9cb3e5abe2fff51128c82ae10cfd94ed3640ee72e39dfe229c7acc2f414e0a50
B1864,P1382,UK078,2025-09-27 11:37:36.952,CANCELLED,9a98890c43ab6d738ba30badad60d43096ad8b32afeb38e1ee6902b5352d6937,22C,19323b5c2c0fe249d181d8011cafa154a7af9efe8558a9039e131d22f6d2d023,4b6f0acd26d62289fed24e0af6bfc34f7000887c7631c23a0b2dfd9f7fe06144
B1865,P1880,SJ009,2025-07-28 11:37:36.952,CANCELLED,a20234a1879c3ba2a996acbfbe358ab884213bb023dcf78a63076012dc87e306,15E,233fb0f986c2bf55f6942128de83dc29edbb32c7bbaecd7e819162a07e08f521,a9ea51c022d9655704939e30c5b3c14f13b97e663aa7843b8b091ecf058697c9
B1866,P1591,UK178,2026-01-28 11:37:36.952,CONFIRMED,ee7a801ac64c206dabd8579ff009fe2a9e990d3c698b16569372474fe2984461,7A,65b9735194b38dd3137b0a1e25ec66be3c30148b29bca7d100cce2061cf988d0,b811d105a4f7ab67b29c2851a244dc2e150510bfa5038374191e10ad184822cc
B1867,P1006,UK018,2025-11-23 11:37:36.952,CONFIRMED,e1185cbe1d9a066e6c2e0b935e9ceed0f6bd08569ce6001414a074215e8ededf,13D,ed283ed0f9572a90aaa4157be50a412d8adf74130600e3f28531c2e1e066cc9b,12d4d3585b3b9a5d2fa957c417270b04330b9132015107721350fc83fe67874f
B1868,P1271,SJ059,2026-04-10 11:37:36.952,CANCELLED,5c8f3466e8ea9194db8744fbccacfa8711c17d627bcd9723497fc7864ae74401,29E,f7d424d82762ab8f47c0c29c716eeeb39c5386f5823169499abe6149daf6512a,32ec3f97f1e247890aee74a5c4eb0f42379268d02435123aeab9af84996e839c
B1869,P1738,UK108,2026-02-04 11:37:36.952,CONFIRMED,bda456f6e93a598740fb7b630dc7636793ac21f202d3dbd2287b936b351b0852,19C,d1edd7fe574aa01ef621852f5003e6c432b6ba6a765b6b7360402037b61a9eac,71f69ad8179b8128de1e9389f7706d71fe7c84bb6121e28154caa6e74d9f6ad4
B1870,P1015,6F045,2025-04-25 11:37:36.952,CANCELLED,6e6bfc99c9c06272fd6378ecc1b4af1e8ab8b57a5524bb6248ecaf46876a77dc,5D,29e90d278b1c80298c5ab748426d1d51df267058e7da3c023b14deb57b3ad8a7,ef019c04da8b9c8912d48f5a4f9f87799053f210740b92127c31a21b57814260
B1871,P1423,AI144,2025-10-04 11:37:36.952,CANCELLED,8f2d93a86434f0def24ea2a06c76636e0bbc41de6fe1a88c2143d7afa22f93b7,23E,3eda33950ec2a00a1368940f3660235dc593eac65ff63338b0c1207b877a361a,8d8bd05e72d65402e80d2aae431995fc4bb28feda50a6b73da3e2af545d34178
B1872,P1523,AI244,2025-07-09 11:37:36.952,PENDING,ac7314a3b694827e2f648d18570799cba02ddfc3700b602fee0bb90411f10e97,26E,23725fc1cb1cf4e4a553a7eec144b3311886e4da2507167c97dfd6ed922ce967,16e9b19ad7d6b573b225213644d353e227da66e1e1096622b7952078a9285d65
B1873,P1802,6F265,2025-04-25 11:37:36.952,CONFIRMED,78407459f2eae92cf3544db8bd6c6fc917fcebcd234c1e9099c8f17516842dce,11B,693f4175fe6704dc77dd6963235a3546512fe24629f516e992d95605c2a92fb2,b6ee612d89b33f82de55802b331f7d51cff9a6d8c196d581e770800fe135f3ea
B1874,P1752,6F108,2026-01-26 11:37:36.952,CONFIRMED,33264ded1e73cec888d060fb2951bf3209a08f1826cf0059a2f1756eaaea7233,16E,986d56c139fb2556f04481cbee117f59506229fd74c490bbe57187d309b1f395,11c3f5dc512e6c49176a5a3aed0e5e94cf8404909af8a326e361032c7a338c7d
B1875,P1020,6F069,2025-06-17 11:37:36.952,PENDING,7f34b31b8a74481bf12da0beaccb126ddb2985bb71709ab94dabb4c0851618e2,17D,9d3a1b432b17d5b4504b847b91c259e90fe3d3ea0f19fca40251394e0b5bbc5d,b01a8d3e3d67b99b2e8cf3875189032af1703875db7c1ffee3b33c75a512fc7f
B1876,P1689,6F072,2025-06-14 11:37:36.952,CANCELLED,d46918b121864fe1d6475b1b7b41c0a5e2870bd2bce4258cc20fc79b41377638,18F,7b3553e69d8e578f1ea7ffda54792d562fc7e33a0d9dbcaf27f49bae7f2f06ce,e2e3dc5edb8a737d323692de13d9f55522e397cb512cf3fc0c9e35d93f17f349
B1877,P1938,6F096,2025-11-09 11:37:36.952,CONFIRMED,bf9a2e549016485b25ef1f546187d1350218216a92cda5d73d26c5a64cf5f96c,33F,80c4d9731a90240ee13b850b431dffb932529fcc20352b8e3cef0e312535e782,fc9dc155cc553fc2eb3de96885c01a474549d72ab003360bd86b2e1699144bcb
B1878,P1227,SJ233,2025-12-31 11:37:36.952,PENDING,3a0d7f7bf9b7fd49d1254c7ffa7a8ca8285af77e35f123cb3d4eeb1090ef8d1d,31D,ae6896983bb4f62891598a1d5a13469592f73fb26f13cb23c7d28f44de006f91,9b2d6f73d0e05bc256065e2cf9a3a2042bf8a8955b5da0810d0275f747a245a2
B1879,P1784,AI203,2025-12-03 11:37:36.952,PENDING,e336afc8c867ecf662d9676b57a53700875ecb00670b7236efe2204a46de346f,9E,42c0e145ea7f7d9226b452a9004e77f1cec47629bf5b7f21542db556c8c68512,3224a313575fd38b391af4033570625c23b8b05043aff2e153ff53444d62bd03
B1880,P1287,UK147,2026-03-08 11:37:36.952,CONFIRMED,f733bf22e57fdd068c0819c6abfbab3538c9b83e40e0486990711f0b25e064ac,2E,306b01a549a3bb00b341809195a464d3d2cbdc5dfc02a015e058774e13fda6c0,b6c7ba37d44477c8f8a865dd8575ba8317ff4a063da2ba0f3b984c6855437d3a
B1881,P1808,UK039,2025-08-26 11:37:36.952,PENDING,d531397d9fe9a36a3cb9b9d3b56ce64abd6bc0151dc94f7cbfce2d5cb559eaca,8E,9e776d539f1989df7c36a6ecb6c86d662c5a4f454ffda765fd3e428b481f6f86,1dab2436476cccc9f6276589087c83ef3bc46011609e818359ac59a406d8a9df
B1882,P1133,6F216,2025-10-17 11:37:36.952,CANCELLED,f0c17e6da411e7eb81e177e067248b7817ce7303bf6eb2839dbb16ac1b4408b7,18B,85bd7528ca68767e88601fd172593b271042ed82abc72a64d32de8626167792c,bb9523f6be3eaf0fc3989c49b10e22043202de108dfe163ad031e4146900fdb4
B1883,P1983,AI214,2025-11-17 11:37:36.952,PENDING,dc092e5edf81fcf5f21a9a13af148522047904a8516e244bb95fc8fb11d688a5,5B,25d0e9a16ac6ee262f48d278a7574be888204991457d7cc09103c3d79b3975fd,66df153ecf35c39305d5a9330c24e20d907de6dad0b9a6d16923901d1134c7f1
B1884,P1282,UK025,2025-08-31 11:37:36.952,CANCELLED,973ea6687da71a9d2244d1d762f7f5262e8ebd380c5d7b7fa9b0a1475985318c,31D,24a56e1c3e9f8ddc7ab8d11e70e18346d87177d5cd4b1c624397274928163dd9,baa88a877f02fa4897b0f3ddc2037932ee4c7fa847a2e6fc4d30490e17e2e812
B1885,P1403,UK053,2025-08-10 11:37:36.952,CANCELLED,66ecf7c3c34fc56dd0fe5a6681798f2b7c24150761ceeb25c37cbb3e8c507703,11B,4685b7f9312b27ad6a9a2218fe8ba664c61c4cd9b73ae56bece92c44b476e5aa,c629e9d66a3b2ea096ed90297561e1ae2ff5c6e6b5ec4c33a04a744d50569bdd
B1886,P1664,6F130,2026-02-12 11:37:36.952,INVALID,28348146ccf5c99964be8b53234eedf2a7b16fae16ccaf708bf98135a2a8fe99,9D,b098f81da53884110347bb91bbc4b02bfad9d759cea773ed39fda0d3e365c86f,d41c82d7d85211a6c57e9d65b70054ebc3cf9e4b0905fcd3460dbe911e29a300
B1887,P1065,6F247,2026-03-09 11:37:36.952,PENDING,a54ee7925788a1c30e4925ef22e3b1a9f84e4aea85f4a997369f215b8b039489,23F,33c4f256385a4af9ba65963834048a97c7d87fc9dd9e31a657a9e952910d1a87,2c1801883182ae30da4b84bd7cd7f8e972580e98b2492143567b03203cb9bcb1
B1888,P1648,6F159,2025-12-25 11:37:36.952,CANCELLED,e554f9bfa63b49d1f535b40af1abc4290d353ccb3315e69c4875a4f99a127f9f,25C,700535aded658fecb3cb99c4d7778dfd35b136caaa52ab3419129ae30d024e17,1632c497f23b568d27b78de90bbcada144f21f9917a217a05f48ee257de918d5
B1889,P1603,UK086,2026-02-24 11:37:36.952,CANCELLED,f06a372de876e39ea3164ce26084361443445fad66167e692936e7eb07f85257,22C,3b6999cee7fb22419ed73a7453e594c3d64d3c494a5bf5e3250113486fdf2ba6,d1815d4804cebc982fb5f736255aa274a66b293198c68d850f7a7acb4933fae0
B1890,P1436,6F102,2025-08-30 11:37:36.952,PENDING,e2d2253611ec2328f01eac75c8b5d4af8584da56e137d35a89c4e74b2d3c5dd4,12E,de7d62ff261f2adf82bc9c89b51a2190e79a56357ef70d0ad015e2e6c0b0eada,36cb7fdba290c4a014f7d7f0ab2f92b7d41eece76abae27b11028457996b9c0a
B1891,P1828,UK186,2026-01-26 11:37:36.952,CANCELLED,97bdea92636d5c1aeb0b23123b3f173b513dab40a934994e337246684fa47581,18D,ecad3995b695923a56f34589ba4565e82d04335de735f6c6a23c8124eb9068a9,7d22609d636f2add4989e9632df6d23603468d9bcbd24352086590e47d695038
B1892,P1933,6F032,2025-08-24 11:37:36.952,PENDING,c80b48758f08213c9f7b9be3bd957fe1d5eca34bbeb6e8bfe5bd2e584176408e,17F,ff240afbfd136a2b9471dc2765a78707aee2ed063b399be73fe951b33c116608,4fcfe6dd973e5d742afe63ef5406b507da9dd1a6fe3091d7d85d2416191c79ff
B1893,P1258,6F186,2025-08-02 11:37:36.952,CONFIRMED,dce988fc36c97786f0fc3b069228618eb2420b0965db97906f37ac93fc1a3dba,19A,f8ccc155f7c8f0fbe0c259b1ec8fa0fe2f142ca7ba3dbcb0f826324e69046328,415da5ac161147d162bad959128b0582c86f60040de6cea6c9f1c45299cf2b45
B1894,P1979,6F106,2026-02-24 11:37:36.952,CANCELLED,89f338cd7fc52c23e84a27fddf1c233389587c06e516f993a6033154c72ae091,4F,ade621539fdabacfe8d6dcb07413ff8bf23812177cdbbc82fb0549d4782454e8,0655b3e90dff134bb5a898569557d974382bc5fac8c97ea6af208a5db06454ef
B1895,P1965,AI021,2025-10-05 11:37:36.952,CANCELLED,3b5d797dc6c17d09db569f2242a00fca8e5d34b25e335a1665f323fbb328caa8,14E,2b56afad63dff44df6d4ff5d480c3525df2f6c88116fa571457e6c36ea6e3bf6,ad8c69c3e1c86f0823a5a0ea39552c12389c8395ed477247266cffc71e1dfac6
B1896,P1102,AI157,2025-11-30 11:37:36.952,PENDING,57f1fcd062d63a5d12f7874f05ea90ad23813c191d2f2ab614e51557cf02a60e,11F,d9551a8e6bdd5e4ead7ba3c7a0afe901d5bf4b5ab7e420a172a1c764eef5b505,708c9becca6afe4f39560ecebc0980599fa98530b20f1a9b5dfb6398f2777c9f
B1897,P1992,6F054,2025-11-01 11:37:36.952,PENDING,59a836c80d8c90a4cd29c0d93202e9a7d6c187043c01b566cfba8a85edddf695,26F,4625f10c2b64c99f389310f826b42c560e4523d70e1b4ea3cc8478f4fd7bb2d3,8c694dbee6650a98d8bd9ff7b0882679b1adbe7da05d5c6615f79d74ab99ca8b
B1898,P1566,AI187,2025-10-03 11:37:36.952,PENDING,f7d1380547c9d577e69eb8a7d1edb50d6973bcaa4535ae98f18e802b0a151d9e,10D,54a8e9b4c20b6a3ad357cb0a6b7d233cfbd468ad13821645cfb372d93771149a,491260252ef13f3c81183a5d34431181599d140a94cbc825add08bc64d83623c
B1899,P1768,SJ124,2025-09-28 11:37:36.952,PENDING,e36862a918bfca92278dcc483d3665d714088f018b189fe916893724eafd1d98,4B,437202f91b1ba3374cde024eef882ea22cdf2b712c287cfc2bda72a04ea81736,72447b9f2dada6bc9e38259a996d0ebb86bc9e6b2640bfefffdf9d2c25ba0950
B1900,P1100,SJ223,2025-10-06 11:37:36.952,CANCELLED,5bad9f4cf190e7d61a742438f82d2b7759f8584caed15c7103d75ab6b32b6d3b,11C,a254c1f79bea51f7f4082f81dd42ce694524a95f0c7d777db787ee5da6b12f1b,3620bbc5e18b80f3da776199b4cefc62c23f794ee455831ef01267c5c47e085d
B1901,P1197,UK103,2025-04-25 11:37:36.952,CONFIRMED,d4225f77ec76d7c60efce2e0eb6d461d37d327536a519919395faef3dd2ce074,21A,15688cbddbcc6a742aed45b97605618ad4716991bd9be38512292983e2727b36,f3aaf14bee308270ad31195d78505a5b05b21103a623441a00c35f861235a336
B1902,P1812,SJ157,2026-02-08 11:37:36.952,CONFIRMED,1decbd29cfbe2544f50a6070121d96dbb55f881b2b4b7a1e9bcc8aae2f08bb11,14F,49e3fe28339df5acb507095712ce5358c557bd3113a9a4c52b3b1ff4d125efcb,2b9e175f4ae993d517f4bb67ab14eac0160cc82a29096628154e00a95ac4a410
B1903,P1225,6F242,2025-11-06 11:37:36.952,CONFIRMED,36d8ef2746e29dab52bf55c36173580d8bb10664e96e98729b3649b8c1401126,9B,5f6d5b67a855f382d9cbe5350933438f831cd05893b04d62961ca5dcd7775419,9522aa2bc0013e0de566275e1e8f8fb9a4bb0a68ebeea982e05bf9c8b5abc530
B1904,P1942,UK213,2025-07-01 11:37:36.952,CONFIRMED,40b1d023f363963c390ef67140adc12ce53e5038567bd953a8ab5aa1610625cc,8B,2106890d008c40e376c5ba21d97ffaec7a9a96f72422b30af19a0f76e82312a4,6b6c4f86425e1bcc3a3a2cf2fd7bd76c3ac6779a3e1a8e0121cbd3853e085b16
B1905,P1462,SJ120,2026-02-13 11:37:36.952,PENDING,207c5dfb1d81736ef00dc4bc3e321bd8cc7a54a516bf30ea11db2c1b13cc3235,24B,8e44dc43601ec0781fa2c4e58c0a3ac778d29049858c1491e1a7f9215cc90d9b,62f0ee4e40d7dd41a569e0410d11845b2ccd2b97f18a25f5b204babd08668f55
B1906,P1236,AI035,2025-08-11 11:37:36.952,CANCELLED,8737dfca2fe6c8d5a5d070b0a16e7e86fd385774e03ba79d603cebed3cfe3b8f,22B,445f7b56ab25ee052f33ec25557b23bf724bb4a19d5e024aa436b4ce9ccd8a0a,9d2d59c18bd6b5e341c76178e7161f480d5fae5f5f2e51674a5dfce6446362b6
B1907,P1025,6F147,2026-01-14 11:37:36.952,CANCELLED,4b432f17b1d3823095a26a8f2d2aa31fa1084c6f25ef951eadedcddbb286a7c5,1B,83bdc4555df01cf47e31c22046e31e16ea148b43ab79d5e4487a9b5d987d010b,5ba3f7c2eda7e0082fa5ad40dfe8c8af088470826aa4017396ba08a8c493e921
B1908,P1120,SJ229,2025-08-09 11:37:36.952,CANCELLED,8dcf010d1dd8b21d6807588366a216a71d2be91bb625a3b81bae0b6011c150dd,23B,65c3ae6b6368e08f17bcca0e24eb215b84749a6e0407f145d2a5031d88576854,2f38144707e1fc3b03d6c24c7f81abef290a9c8f5c42c719ee97fb3acf410c61
B1909,P1909,AI230,2025-11-14 11:37:36.952,PENDING,4f16c5f08f75eb483866cb2bb9554d0d45b2fc50a558250cdf1217aeebb73980,31B,3726fbcd2600e70c15b4bba9875f27b44d08044617eb77fc18860a2425815c67,debb9df0aa24c382f89f4bcd313874ef01c78551218b38459f2ac3bddc86decf
B1910,P1505,UK162,2025-06-10 11:37:36.952,CANCELLED,3c1e2f0fc3d3e5c3dacc196badc9c7b3a59e66dcd2bc7af43c6dc0f11dcdb80e,5C,d5c2da91af79f66ba33e375ae7b762ab7decb6f5807c4019cf49cca4f57abf20,b52ca7344d7a84bd0806476ec2c9f4317179f8651a22f4e3bc54a139ec719819
B1911,P1181,AI066,2025-05-29 11:37:36.952,PENDING,e266325a3fbbbd69e3f36ec300857d03a5aca171ff36982a0028309f98f2788c,27C,e927114a4a167f681b6d0d7fe4ed3ac29ee7f46b90ef614761055f3d6dab2dbb,683efbda2180510779ad1e89a4c3aa5ec4b04f72a514ebfeb08f9821312465f8
B1912,P1710,6F205,2025-09-09 11:37:36.952,CANCELLED,e151b2ebbb00d413ee6ee08609ac2cff3665f869a439a2b7e9be7805b107418e,19D,f28826fc0892a6b8cf0ad0e539fb03825c3f764c48770ff52a3858404d711832,622c569b4afcff3e21a351b6622ba92922ebd289ff51eeb06b3e761e0963eaaf
B1913,P1813,AI124,2025-05-24 11:37:36.952,CONFIRMED,d2182e3232c2e2891fa851f071796fe3105f6c1cf1d8adbba3e2cc8ccea9b05a,27B,1804c6b5d0412d6ec43c88b9786fc45ddd5bdfaea634db684ce57c2f8f01c672,2cb31ad76b28b11dfa31833cd48efde0367c6994d5bcda42f7f97afe6573f39d
B1914,P1766,UK114,2025-10-19 11:37:36.952,PENDING,3d35368ba6389c44a4a75c2c68c31bd8a1254c57801c25da8ff9f6ad80ebf0e1,20A,df933e58061d023e767e4dc2a265087ff083e4156813a6594edbf53afb4add07,c1faa2cc7e1a14e0f8c5f692a9cc1f4c09259577c18f7f7c0ea41f19d8788ae1
B1915,P1633,AI231,2025-06-03 11:37:36.952,CANCELLED,f2f8ab60b89747c0245612f970c2f3bd61aad47358a87c15e55de1e2b1374e03,18B,a23c15e476c2347f498de7684c47f447c53107f4bbd688a49aa64864c6acf1be,429a2518688f3fd1a9c4226df134368ba956af6e65f8466d0ca0415c139dd983
B1916,P1542,AI113,2025-10-30 11:37:36.952,CONFIRMED,b0838bc2349b3e1a6d3e5dd073f856532d8e78d60305e3249583345d849c063f,7D,036acaa2c310572b7077f2e948e11f578be76c95c5bf831beab78416ad7fdabd,013e47d59cd4831fdf27c2e7537323f4c56371bea6465a32e264fee7409a2a53
B1917,P1983,UK180,2025-08-03 11:37:36.952,INVALID,c629fc15abbd896a201732100ec4f57944be5dad6346603193edbab631c4fd24,27A,4a2f043b7b2380c53238c74a7d452e4681fec26dbf8f4e264a6ade44d002d4e5,3be0f7b2195475ba3287911e32eee747124e3e9576092d97f3cc897ee4f1dc91
B1918,P1314,UK180,2025-10-07 11:37:36.952,CONFIRMED,1356acc909e9194b24a9ae3ae464cb0fca1de55de2ad5dea0cc412668b7df4ff,2B,36794c3b27216732c89bc131bd5fe45f4187261e148cbf0e08b45c86af449cae,10bda53cf2bd38fdb66eaf535a28b0e9285ec440fd470267bfa4bf956d1a8487
B1919,P1990,6F080,2026-03-17 11:37:36.952,PENDING,51188cf53682052244474353c096fe5b409c265b60eacc1279844f05e3348c5d,7C,0625786013f0e656afda9ddabf67a645bdc0ebaed1aa63c40be5cfc1f11c785b,c4700d6a7c9b1bfceaa89594348e786e746e5fdc3489966b566138d9d1b4a43e
B1920,P1796,SJ095,2025-05-11 11:37:36.952,PENDING,b311ced7623ee79c2a4e036eb15cc0bf555cfb3d2f163f66953cc75dc45d0eab,14A,d94a529bbb93bb16d6c2f20f193bc8d11c0bd2773fb1c49e76e832ff9cde536b,d7e25c63853711536fa1315c0f2d924d5c9e6c6e52c9fafc23caa08fb8f88369
B1921,P1617,SJ115,2025-04-24 11:37:36.952,CANCELLED,cf13262d5ae355fb8981183d0ef1732d0825789eb6fa858ebec60952fb423a85,21F,8cb90908a551e3b0f122c00641182ce71c955e6e97ee5df039bec1e8faa50640,0ce6b8840ace71ea1649a333e98b6762145f33c72a77a1a03a731dd5d4ac9ca4
B1922,P1735,AI142,2025-05-14 11:37:36.952,CONFIRMED,3c6b7e635f83b45f68ba0019fb418c4ad02f7b0efdbb6b804585487ae0ce13a9,7D,cfad94377938ca712d703f848919d2c727fd2cb85a016364ab4e861e91157cb3,d8d4ec063e76609d9667fad51aa341781409ea8014361ccd0f7013edfbb811db
B1923,P1272,UK169,2025-11-28 11:37:36.952,CANCELLED,60d169d9b1d515c0f31f465ed1088df92b75a7bf6921c1521441da53ae726911,33F,ba8e71e355aba5a192b330fc5b4b51c3183a0dd022140b9a65aecd2745ea8a19,8339ed6625d35f9ad244f990fbde5bbdfab058be777ff6565ce6fafc3ed3e572
B1924,P1909,SJ041,2025-05-04 11:37:36.952,CANCELLED,3a228e031196fcb39cb52e835eddb41133243e3b6bdc65e246d1e4548a5239ae,27D,09b37c9680015b9863fe38d73f32601b07ae9679635b6ab47680561fb3d8762f,ae62021e117ce22497360104c03367e22ffc8c782dcf88a4881d01d062438e00
B1925,P1231,UK171,2025-04-20 11:37:36.952,CONFIRMED,0fe0322e7f3fd942550f8341d2ba9976a5c5ae35a0fb9a4908c9fc3c579959ef,7D,51f2f7fd21da3ba6bc8626edc1d3e941672638253e9231dd8013613766157e42,6e21d3e3f4607d35c18c70e621f99b9af3431e51b19a3965a1b1a11653d88ef9
B1926,P1419,AI081,2025-11-27 11:37:36.952,CANCELLED,57d4b60c1075ce04830307f52aae8dc06b431592def85c0e5c4fb5aceee1b0df,18F,80fdbd951f5175024ce03639d23e41bdebbea2e81e893926ae15d9cf57f0dd62,fab957be1cbc6080397c72654931765a3a6860f328b5177b47a71b532ea6cd6a
B1927,P1767,AI162,2026-01-28 11:37:36.952,PENDING,360e4cde1c73981c5818cbc44417f8afe02bf02caa6966e923d05fc56b5e6dc2,27D,1d2ae0b883ab0aebb0bde2ea80280635d07fd6b4b772216b2ddd94b229c2394f,f42f196413bb508bcb1dbeb8b5048c4646b03829ec77ea71852445af73ac0036
B1928,P1441,SJ037,2026-01-23 11:37:36.952,CANCELLED,22f7d67dfc129df114e0893d8be0fcdef54bd94b26e740813a164268ebf442d2,6F,26d700808a09cb4af722e3cfa40817d3fdfac7e1cab1fbe5516bf600815fd6db,73a0de99938252d770b2dc3b3bec5a0ccbfc75e0f4917cf2d2c6c58e5ad2f7ea
B1929,P1495,SJ037,2025-11-05 11:37:36.952,CONFIRMED,82a0755f38b853c2a0397820c2e8e748a7d3f2f4882608f0301399c324e332ba,6A,4e3989d7e301156c02af0adc5d6ad34c78fb3cec3e3ab201d6fa71157401f00b,4a8e232afde8f748ac8c66680010b618824b703d7e8ee592da89513dc5bbde75
B1930,P1023,UK080,2025-12-16 11:37:36.952,PENDING,479132795205a60d545ffbdc684e584123876f960e7c001323b37469ba2ab302,3B,8c80ea855252f910130c90da84840ffdf3a05c7916548319dd05eb768cbee63c,14625265957da0d8529b58f152e28b5f9f8f270f7ae60186945acc506602a6ec
B1931,P1108,SJ031,2025-09-26 11:37:36.952,PENDING,fb70900ab05e0264026042946bb44015c906573fe233d642dd9263a3376e828f,16C,4597b3b8ce30d4071e441d2fdd367a497a1f870ffbb06b5a9625517afa652cfb,fc177f8b70e05edc7e1c77b9af492c2e354318c3a2ada0ddb983565b7de462aa
B1932,P1702,AI199,2025-12-28 11:37:36.952,CANCELLED,20177912a4b87913a816fe5073ba60299df6e4c88101a4ddc0bb0de952ba2b34,4B,36ae863491a90e11e0a9f1a6eed458e53641e386c2f0fc928332c50b75368922,472eef41be4ede8543b0394d1853df57f7ca5813b68a6738bdaad16164c4397f
B1933,P1501,6F082,2025-05-28 11:37:36.952,CANCELLED,538d1b80eb257af055ca01e5b46a62f3065761c986fa6fa9853b620a678bab93,7B,ec0fff8e5d1fbb8256c39acc041af1bcfa035d5e309ad9b1b93d404854123012,55c983a724773d794ea3ec9478cc0f0da62f6fa4b1576da8625332c7be930b5e
B1934,P1858,UK217,2026-04-12 11:37:36.952,PENDING,fe8da665f70f1cf9e63c874cc6e4c177314b86bc53dd6b27754acd07ca7396ef,9F,fbd9d5a35d23ce7e248f912d4e890e0e85f66074793e44b5dc440e10969b9dcf,87c2075681a5b805816e6f19eb872f9b6bf6e1826941ab0ea28a9655656f4b26
B1935,P1024,UK014,2026-04-13 11:37:36.952,CANCELLED,2437d254afcc829e485d3158d3c46b5865f42df49396e241c7f2657bdb007a36,6C,dbc9a55916eb19350dddcec4310f8e691c5227dba76375863814c993aba58f0e,e3b2d9f6f50ab69e003e8db26c9eb45d566f865b081e79d6564b02a3e5f0f298
B1936,P1186,SJ180,2026-01-11 11:37:36.952,CONFIRMED,055ef86c67a7545e5462821ea3fff7b2215b0e94ea6df58822177a8874f44981,14D,37ff514cda2a636a2aacafb807aafa25ddf6a531ec9457f60382961f082adc22,1bd9123df01fb5f126a13094eaa7844fc36ee4454adf11724c18f6ecde3edca6
B1937,P1287,6F268,2026-02-19 11:37:36.952,CANCELLED,e86a0d4b95087ef9ff2c55adc58db9195fdba5b20d0684ad4e3f105b9b52c7a0,16E,21af4617bb8d2c36788acc7445b407619015fb9b193604c1e6f68d4496c9b6ad,718fcde9d7f1837ebcd6ba8c4a6de1965557a359d3ec136626712d82cd792098
B1938,P1627,UK205,2026-04-07 11:37:36.952,CANCELLED,1b76c24e008d12dec15f623e1ae8908c59cc28d3a846a6c78f1054d0c32e0a3c,19B,e2ff92bb131cbf170a86cf87ad8a6a05cb1da691903dfea074a935aea04b6494,83f4485de4b0715eeff520b7f4315cf3549439416a23c7b0561c5e5bfa135821
B1939,P1337,SJ212,2025-07-22 11:37:36.952,PENDING,a1ceb7db9a8f4d37f2d0d06d9889b758b552af377527083d00ab64704af34f03,22B,047d0b85d64d09d06d3003dd03606969e3c1aab75563b276eadc4fe952b0ce67,0d3b08e33aed3c103fd7a5f487e7f1291a733b5bae3dba50ed115d3c9fb92434
B1940,P1877,UK052,2025-06-25 11:37:36.952,CANCELLED,3dfe21b4717b273160e2ed0a859525fc0e946e3141f3a469c31f238336fcb019,17C,3aa214f93433e6158c76fe22b8a7d3622b043cf6a7e590d809f7e2074da8a60d,29f05d8cf9a928cd75e66c8f5e4f2511f0352d1ab3b94850cad18721a123570d
B1941,P1913,UK230,2025-06-13 11:37:36.952,CANCELLED,297150fdc26a5809499a6f8f3a566b54890a441ab45ce52f760a066f8705419c,19D,1e83367dc67df2fe5b494aeef8f21a4c2bda6728051d7023ffad287d6c06d155,d9164beac77042f378e3d010bd42d142e91002d4c9aa10f9a03f29bb32b93e84
B1942,P1036,AI145,2025-07-18 11:37:36.952,CANCELLED,52c23117d0b6483f68891ad16809fa2425d6600c4b1402b23fedc2f0899bf746,23D,ad9c7e109d113ecb4bad094c019d04a7194e5f160399850f2c62ffcd8e51d310,c645bf63f1b6669bf551a35fbb0a2beacb28588d975044c12ce6cd80ccc42750
B1943,P1793,SJ035,2026-03-13 11:37:36.952,CONFIRMED,2afc19eb30e33dfbb415b9d2d13e46bd169b1d437a59d2047d8c6e563a493a0f,7E,0fa2a79059c48f10fcff232f454c9360ba77bc38eb4b64fca46c1e33d28e817a,585ecaa6b56c48038b69dd0a698a874b88e5d37825c872696e7bf78aa7a8c43c
B1944,P1136,SJ184,2025-07-20 11:37:36.952,CANCELLED,0503ddbdc7954fc90f237dcceeba2e2b11793f11b81532dc71c758c2614a7dea,10B,472a7a784a47efa0e05903d60938fa48347008ab6c8d63a3cde7410fa6dff011,26b7a9f447817ffd7c07406e9027bdfaafceb53fb1d1a5c3ee37d1170b377317
B1945,P1507,6F207,2025-11-03 11:37:36.952,CONFIRMED,102be45dae9fa99573c9335ff2c5cd17f08f9889d522936e5f3a8708bd50a244,24A,e5467cd677a2d64c4e4568de0069a385526548ded90c96f0d8b45c3f69653068,f92f1e58cdec1a7930e4baa1505cc5e8d5b72a43bc54491d61787d4e9f3238a7
B1946,P1226,UK144,2026-03-30 11:37:36.952,CONFIRMED,9831fdc174faf57f891613747c613ee153595ff24600447cd1f4b5d255464891,15A,d947b122bfd3de4ed5316c9932c832d811486f7c2b28b45c861e1fc09e0d4dbf,c6ddf65f875e38dd6fbae92a03453fca0cb359ce776b1182b9ae715f6712d7a1
B1947,P1319,AI126,2025-10-22 11:37:36.952,CONFIRMED,8f8a317db0cdc0d183958349917aa7a953ad8073e8544e900adbc68edbbc728e,1A,a39039f53df0c2f5c5dfcb38983b44c801ff2198f2e7bf060aaa03966b961ad1,bbc67235fc23b4cf4e3b8f0f5d42c82e272cbefd716345f1a1748a3d89580ce6
B1948,P1839,SJ145,2025-05-19 11:37:36.952,CONFIRMED,89e8c4f2714c9d00fcd15d35f409a7e3bc050a0d2fb9deda448778b8d1e26184,10A,7ae580d28ae40e4c508207feac35378a10cffb755305fd1b856ae3b45d5a254b,6086c2a3f824ed55b55260aedeedb13ee2eecf539ed92474df8c077bd76d3acb
B1949,P1915,6F040,2025-05-16 11:37:36.952,PENDING,78da5f3f104150a22d1bc3fe0248e0b2382e6718a94c4937455d5cbe59090c77,15B,556f96afd628f5ac8a1f41799f65ef165df67c77885578b4fa4d870433d109e3,320a11b7e689c2cb7d80145ef390d7fd2aa9ee4862047c6510d6671e3c88cf85
B1950,P1181,UK049,2025-06-15 11:37:36.952,CONFIRMED,59abd1abe2875e045d6c7c4caa930e3b3779acc9c8316b6a09b529c9b932ad71,21B,01c00ba6d4b77521d184a08b0f97d414236c1095cc312885074442d8b611d4f6,e3f0e0f0fe9fbea94db5533e6a072c0c845e85de94cf11de44b5fdbc33bc4ddb
B1951,P1873,UK049,2026-03-18 11:37:36.952,CANCELLED,220ac90c194efac7748272fa109833ad402eb36862d397ca84dbf76c15b013c0,3F,b7095a3268d7571d352e8c6f6189268d3a2553a6564ac956ca7043bb64189b28,eee1d0d902672f8f4d5496eb910ebf9d9b1d4a03ce3c094761789f17446c2ff9
B1952,P1085,AI087,2025-10-18 11:37:36.952,CONFIRMED,dfcf5f4a11d157bbb3b62d5016c7150f7183911f83415b09c63851486f3e6da1,2C,9804d628d04d0ccd3469444079a306e27272cfc0c7da09cb413320457c5d5786,44cbe408edb44fd2fa2694a083e8f36a52011cb5886661c3a1ba1523d0708441
B1953,P1466,AI152,2025-05-24 11:37:36.952,CANCELLED,542539dfa11714e5af4aa490fe1d918aa53daa48f15c7ece5f0dc6d82662071d,19A,61be4c2ac1a43acfd8750c1abe43defa479adcb1b379e956c1df2dbb375e89bc,5020f42754d0ae777750a1ab117dff50c7ec3742b092d1e0a70ee7143dba8b01
B1954,P1925,SJ240,2025-11-06 11:37:36.952,CONFIRMED,d9121ffdc34b6a37be6babbd0e2f6f7e81dc926db1893f9715d0cb257289bab8,2A,d5ac7ba3cfaf30701eda95571fcca5966a1c6796eecdfe70ace390e2e1f9285d,56d38739545b9e6413d74734967d19aaf2c44a1e532c0f47f4e65ad186fb13e8
B1955,P1052,AI212,2025-09-14 11:37:36.952,PENDING,ba06ccf0d09d344f244d9cc3d1104fcab10049db08b06503c5a90229db961afa,22B,16af8aef3e3bc2b1b666a987ee8e912ead1a30ad38c18b8042e32e030e4dd058,8a6f6c15369c14b8209294cb9a1d5e635199ba7a93439f1b0ee38673926003d7
B1956,P1859,AI064,2025-09-21 11:37:36.952,CONFIRMED,7ef6d89813183832c02dc38467cd2b12346bb6bf2645281386a08371ab166baa,3B,5945fe694523977bf670a2adbbb87936711c9262f248796513b0845f99ba6de7,d7c910c00488a726537deb56d8893e43eba9abba1b15fa6053431a96e2d63945
B1957,P1866,6F093,2025-06-07 11:37:36.952,CONFIRMED,67ccf72774c4e47ab2d137cc961ce17c7321ad79a1d7eb34f9d0bee3141bf931,32E,69085feaae60a1fe9354fad293cbb7a3b2c001b83b342329d5c9b2f503d1001d,2cbf2a3492c368f748a4e1a82d1166ada106711118b75847a84c56a56da50c70
B1958,P1234,AI118,2025-04-28 11:37:36.952,PENDING,6d2015fd32402b94b1285f6623bc22112c9f504da35f26aa3fe78a26044b5dd6,29C,62e331920fd170ed23841911eb1908973718e03ae96ed2c779007faa0b880481,640e7d75eff87d550e1f1bb2d3f7a7d86adcb7c90669af21595bf6a02135933d
B1959,P1958,AI172,2025-12-19 11:37:36.952,CONFIRMED,9b80358e64c8add365e8d0e3b93250692c5b687a8c0379655ed2dfd92cbfed15,23D,e6446e4ed53ff0a022837b1c14220a52d0d9d3e85a4b67813888643a727391c1,aba6ea9e6fe67f9f4ad1e9eae67a6615b1389613b5e8b7be6e62342c6f0a9357
B1960,P1778,6F183,2026-01-30 11:37:36.952,CANCELLED,5c1d55a69680fffc5b600082e20954092f0c60dc3aae79fa3cc160f6a1b90715,27E,1cb20dbaf65a87e1c37983b4e0e86927e47295703bcc15f90d16a645e5d14274,3ec801b4e5a6986b04634e29c18bff8b8b5b18283c72dba42fbd893be3d7c266
B1961,P1798,6F200,2025-07-15 11:37:36.952,CONFIRMED,f24fcefc260522e9ee464d689ebe30483ef692ed9836c24777900b2f90ab4161,28A,b13249c96194c349306f17478985c27b47e011495b748d5ab1bab3ac3708b57b,85fc4383c5513d7c51ba5bbf775a0bc892659b6f69c458a4d6c956aefcd4dd28
B1962,P1432,SJ077,2025-12-23 11:37:36.952,CONFIRMED,273f61215919d166819d198d03f6ff8d2b72dbb29d86fd77913845441e03ba3b,18C,f655ccaa9862a8007d74401577563e9e4805b9d4bff41293b53bcf387569646f,cfab9265ccbc8ba327994a30aadfe922892c1c5628dee96eeef5d1ee1fadc525
B1963,P1495,UK030,2026-02-24 11:37:36.952,CONFIRMED,e534e29c631809787204cfdab72a4740a7ecf0c3824e73da6331d104a272b6b9,27F,4f5a0deba3e054392b3a047260d88059cee8a3f0af85d1a924a93be6218808f0,a5bd84693c4090da0ae627d6fe5a2a0f5f43bb42091f6547e09924924b94fa5c
B1964,P1998,SJ232,2025-05-21 11:37:36.952,PENDING,4c216ec64082c9f91467f4702a713013feb8a793be3063275556efca824871ae,18B,cdbe43279b81c3f59cd1cbbcdcd7043824ddb0060e07a5ebd7d4b5cabd944de7,bc137c2090a69e44de87fdce154524d7ff884d39ec75f22e690cd10e3c1e37b4
B1965,P1099,6F090,2026-01-29 11:37:36.952,CONFIRMED,e88c91c4ce8e371f6a954d60d8aed9e90ca37ec0e8704bc718dff7a95ffa4015,20D,71a1cec89d20d25beb9c3aa6dd37e245ed80681b50856f190d9d6bdecc22fdda,b69cf614fe6c7a25476a262ce2fcf3c60d27a5a2e181672b5abeb8e8341ae5b9
B1966,P1989,UK002,2025-11-06 11:37:36.952,CONFIRMED,bd4984f9dc2c410aa5528163f84e75be39617c53ea3953dd61d812c13de557fa,12B,02662cab049c806cf62642672c0c3b36aaa8dc77219b342e3c67d156d0be81ad,a69e4409512503e0380b8a4c96193e85f8dca4169fc54b202afff654312c3591
B1967,P1598,AI154,2025-07-03 11:37:36.952,CANCELLED,30e4570111fa8ea9c78a76ed0c2cfc08f70a0c771c2f837e8a7df90eec7b03b3,22C,845285b650bd60a68e0d0178142641df7d503345c519c5f5c79901717775d8bf,c498616f802d1f494d7dacc68025781aed3c1df1c480a3f797d984ff25e9ed6d
B1968,P1402,6F089,2025-10-11 11:37:36.952,CONFIRMED,cf181aa9ccdcae847f6d5cecb47a70ef7c6d298fe45471153ac4f10999114809,2D,84d06d5c87f02572cd9a2f76e60c47e6b4668a6325c040443d56cc1fb7d928dd,9ecc4ee497e2301ae17a5bc95b629532eb6d0a06280781e91202831bdaf870ff
B1969,P1395,6F218,2026-04-08 11:37:36.952,CONFIRMED,93bc7d27d08ae6c357739bfc29a9d85d9147669fba02662b238d22745ce20955,29A,e9a6a20296742b5c20ab73d4d1180962a74429eea2aee5ac04730bc93aa1f511,bc383407f2a1d81257a280e4cb6bca3117c8e29b268fbc937d34f23e4ac5b48d
B1970,P1526,6F241,2025-11-26 11:37:36.952,CONFIRMED,62b0624b65cd64bf38a52d3f015128be7b43372cb27523d3587a216a4fb50c32,12B,9f1104b92aa33269cdb8ed462fca728afc2405558e748978ed331880ff518332,f4d2072ab4f73585f9cec6ef2c20d5071dc6b430574a76089d7f2bec8bee6a79
B1971,P1414,6F116,2025-08-20 11:37:36.952,CONFIRMED,eb79ca72c0e56dec5149270e6e033d6bde3036441ca3dfe82197f6514a1f15a6,2B,539162ecf3cd97ffa9544b7afb999dfd18534d99a373824752dfa6a1e653c44a,7a270bcb53515ac58e4453b6826d9f523cba54ad222aa04d16361ca80be8e365
B1972,P1938,UK199,2025-04-18 11:37:36.952,CANCELLED,173b7db0219f7e81207ad13b1e3dbc780550f6390e8ddfa9a5c0ada56bc2107a,19B,69127b00d6c062d9c17c05f193dfd99175161f5b864fdc7a830ef6285c5cbafb,bd8d43094c65fe2349ea2c131559726ac9dc0ed44ea56cc720f3ab1de86b096d
B1973,P1612,SJ033,2025-04-28 11:37:36.952,CANCELLED,2a46c5fa309a225ff26b5a2b4e4eda47b54b24c79bd4b1484d521bfd1c9198fd,8C,46a337f581a06d05c124f9e27dcb26e032b2745da2242b7cbfc636f78ee7e71c,8d95677ce5671a7e1f6e75f4029978564f6e3b57d3533d92a08af742788f3cd0
B1974,P1676,AI210,2025-08-03 11:37:36.952,PENDING,8df86f378cb27b0171891d4137d22d26ef61eaf24600a76401de73ec7b39781b,15B,3d81146ca72530643306f223300dad90e094469ba6b5230138ee8625de1903f4,803a5c40faed9485028d7da59dbc62baa036a4f62daf13efc59bed66b4f012cd
B1975,P1462,UK148,2025-08-26 11:37:36.952,,5f50e40ff96a0fd0a636d2db27f2d2cc82fa84a62c3dc46b57874414eec4a583,20E,0ec9a233fab36a2e6dcdad45f695ccd68f9897a7c8d60e3744899b1e9127a3b5,399187dcd93416a9e5f7ff5fe3ec7b34f1f06a5b3fc3bb5168b8ba5048e6f3b5
B1976,P1540,AI229,2025-08-27 11:37:36.952,PENDING,2c9c3a92cbf98579435772a078d4eea34c49abac973561b5b22c2c6467a66a18,16F,c92b3ef81c8017071ea5f4d3ae6feadd6abeef08e9fa0f45939f80c4981235ba,d10a43081c3dea8bc9851dc6947c8423d7e68e5a8dde569e4060229f58433d07
B1977,P1625,UK005,2026-01-01 11:37:36.952,PENDING,c1c31fa9ed3bb84e838e0cc4bb1c6a2da220679fb5cfdcedf76bf8ec715619f3,4A,1595ce8cb492acd74d5f811443011f413082dfacb961ff2cff4ab3ed2b353fba,a467314ef73d65bc5280216f097ebdf87c7a04a2ff252d4f507172551ba256fe
B1978,P1618,SJ080,2025-12-07 11:37:36.952,CONFIRMED,6990aa0ac8d60e401e153aa10b2017477140d0821b249853702bc75efbfa439b,12C,ab4ce2cafdb3741c8a5f07e94346da330bbb7da4166b37ccf69fc3582cfed748,a677c3f0d85f1c1ef3f5d48787fbb8c4996b4fecb9b192b315461a9ea390a3a9
B1979,P1921,SJ092,2025-12-02 11:37:36.952,CANCELLED,167f29c93a0c680ec95df9a925d32a0a37663f3ff225870ae27cba11511986b4,1F,d9c7b99eea9a3e56152554b448672231a85ba964eb30446e3dd70d1ed621d8ad,f4507cb07f36083623087412a24460ed8e594b5db7c694d57b02e92df347992e
B1980,P1363,SJ055,2025-12-04 11:37:36.952,CANCELLED,642656fead84ca6ed76c1963158cb9872391b055d5578882712e69113f235f4b,15A,86475e3fa3303e0f746b6df309bde1cac64ec957d6730bde148ad622bf8276ff,a642001779ce9c3658e3234f12438fe69399fb4ad0465e41a31b955234909c85
B1981,P1129,AI239,2025-05-17 11:37:36.952,CONFIRMED,194c1ff334ec6b7cdddbff3b3f5e8b7bf899e22f894224f4730c2d821a45ef05,19D,7595ffdb5f76477ac554fcd95d20bad3faf550dc07a919639d311975fa1d8b7e,fedbff7152c5d69c97bf5e861cbafd16b2d4bfe4d10fb4fcf75f65fcf7ea8aed
B1982,P1083,6F162,2025-06-17 11:37:36.952,,da2d4df4666b2a20176e78cb5e867d4681bfa112ee2ee47f0dfe2a03920172f2,7A,556fe174c94bf03d6976cef293c2a0e464de84d88873adcfbadbb34ba0affda7,b19359e1774bfbc9e64412368c4f1423001182291efe964926d02f3576934caa
B1983,P1270,UK101,2025-06-28 11:37:36.952,,b1ec26b79390538bd526ce8ab693f396ff548005ddfb2ab244e9911159061ec2,27A,f4b71434a009ac2d0df8a11fda70835da47345a70b1585ce9ed8b5b7acc9ffab,e122a5aed28b3034e98b2632e6ece601956df2200685b8c90637c9129fa51254
B1984,P1243,6F198,2025-04-25 11:37:36.952,CONFIRMED,9addb84ab4e74bf110979f242e8804f7c2370f56c1d74c6697b434d4b5a74cf8,27F,5647dceca47eae716381048dede4129123f526082fa5e266b2589d00df6022d2,1b8be8e41c6150ba3db2d533b2973710a7fcd263c0c6d1d78e31d368b97dc4c3
B1985,P1387,6F239,2025-09-28 11:37:36.952,CONFIRMED,b7bca1f547c035740cf2f1e80020451db493ac3d749b5f198c5c32671bd00012,31F,da07a413f0657638d81813c697575a70b8f2e1d27af5ea349fc387c1bc6fae7d,a48fe80c0bbd612ad0142e260962943d9490c8817d5442671c806b143a7c75a7
B1986,P1213,SJ177,2025-10-07 11:37:36.952,CONFIRMED,eccdbbde392ac5992d9c9a587ee50fd4fe6d1e44c57c014af81201cde61aae9c,13F,2173c5ab81ed83e8dc3b92d5b0204bf2570113b8706130bf636218600f2bef79,28c392ec583a7fa40915ed6ebd1595b5044175bbd9ef4667ee9e3ee537398ba6
B1987,P1817,6F044,2026-03-12 11:37:36.952,CANCELLED,3a75e0b82eaab0a0f596cb2e77fe808887c6bfdca89fcd72da07dcd6e005c25c,19F,1bba9077f766b02b8c0e38704d131215026a68ca2471527d3b6e17cb231a81de,99965d8e3b204d6fb0357d4a4a60de5e93423725d93c0a2180016aa7a638c4a1
B1988,P1165,6F248,2026-02-17 11:37:36.952,PENDING,b2abdbadf4cb0ea2601978a4524286c2632d23120e4c492bbfde5e4323cf61c3,13A,b07a1a547a42828eaf7138ab5fb3dbca32fb03f62e37caf96423b707836c0ab1,bc6fd6ecdee7463310eb4e3541602e48f0e1c312d093588c5baa25340cf489af
B1989,P1790,6F002,2025-12-10 11:37:36.952,,bf47153d90dacf5f3154de862799c2e9eef96c24c26cbaf4f75ce8e21eb46c3e,16F,30e8bec7c8915de082794733af9ebd90b89bd956ec8eaf72564d87c3b1656b54,b6cc974ac3b3f8391656d32087d284ce291377feeafa2dca5720dca3ee830e16
B1990,P1058,SJ197,2026-03-31 11:37:36.952,CONFIRMED,2fb692e2db98726674fec92f835426b7a11d4d753f34f5e6df1e2d7b2141aab6,14B,f47606ab50f809f82bec502d226d6de69052f2329f96421e2b716e5e882cd22b,1724b88632f36319e8f456965f0747a4031be067aec7765e5a88035e2a73a76d
B1991,P1601,UK091,2026-01-14 11:37:36.952,CANCELLED,4aa73e23192d35b7f2e0d05b7651956098eb0fcf636a3d9a8d77893fa25e22d0,22E,c60be32d8bb3a61d4670256cbbfd140aaa863a5ef273340658c96b5557d999a6,e00e65bf43d09a6e54f0746a57429addf3c8b09806d2811adea4dc921f6ad267
B1992,P1882,6F215,2025-04-25 11:37:36.952,CONFIRMED,3bd00e59fdc2d052fb3bb47cf3af3d3f73814b0eafde9a02e2aae99237f2ab07,25C,44dfa0eb5c324fa417827fad65423841fa7273ef3221a10cb6f67f13719ccf48,667e2cc075d62532227a5e0548b8fabddfec448983a4d43a01f6bcada9a90ce2
B1993,P1842,AI093,2026-03-11 11:37:36.952,CANCELLED,183ca99088a1487cfafc0cecde8b36dd324aa249957f90f65129687c37834f20,5B,f7944e597d7e67205a3e910778c81f8835fb35c7b1fa6609bfb5159239767194,a0df85de247cdef670ee969b28c59180b9b3e7a307ad156be1272b58d68f1bec
B1994,P1923,UK090,2026-03-31 11:37:36.952,CONFIRMED,a173e965992f81ff13474086fab1e5d3f8e04eafbc0672557d0f76c631490280,21D,b0c7902ef0fc56e4d1043d1708affc19928cdbc946f1e68554d197063e77d5df,78e73e6b4ad210450d152f2680f14b0b28b989f9aed247cb1c6ea1073594986f
B1995,P1503,SJ005,2025-11-20 11:37:36.952,CANCELLED,5025eb66e890523a21dedac55104398ab026181500ed376c5fb84c48276cff05,11C,2cbe04948a993f32d93ad063ad19865cefb70cfde1e7d1b89908e1542832d515,7f5a4cab688ed8aa88cdb805feeac7b0bab18b091eac9619ca1899dd18e2c817
B1996,P1705,UK106,2025-08-08 11:37:36.952,CANCELLED,65c0e8317e379a5227bd3e56f893e0f9443e6024e59ae36fcb4ead0d62cd4aee,27E,5353d032bbd96ebcb94617877057b879a54645702d8ead33f0f4e5f4da65537f,aa3daa0ade2e9177ec13dd70f6b737fe7771541c1b83560818a62bf6a58333ee
B1997,P1122,6F223,2025-05-03 11:37:36.952,PENDING,9c2be330bc8f2b18931a79bc103805548df4750881e5afb01e428e0d94814344,27B,2bb4809737ea897801cfc3fe60028e22670fa31e803efcf3f65fac4b7e8c424a,31afba534514013c2d4a3201992d1f908b3fff8b3a65b3c4dda1e5d297fc6ecd
B1998,P1647,6F011,2025-10-23 11:37:36.952,CONFIRMED,f260e8c9632372f928de90c846fca8dd3fcb42bca9915456d4041841dea211ab,14C,2f1cb2287da65596905163c466fafe31e237d97ee48b436ca9c6de78b578e617,e59be1b6698d502d3c4d09c6184f5eecdc0c063f72e8b8899c4039d468dfbdb6
B1999,P1412,UK124,2025-08-08 11:37:36.952,INVALID,ae872528e8dc647fe29a6b39d3a2d91f0bb60465c05da5a65a18bab5ad01e142,12B,7394700df1f805227ec27881dc1aa473928d8ff000af120b5dd4ee1267239a9c,1f25d6c7916a33a5a230268580e41f61a490b276789cdc4e8ce082498d3f6d5f
